"","task","model","observation","interactions"
"1","10093_gbm.rda","gbm_id2",1,1
"2","10093","gbm",2,1
"3","10093","gbm",3,0
"4","10093","gbm",4,0
"5","10093","gbm",5,0
"6","10093","gbm",6,0
"7","10093","gbm",7,0
"8","10093","gbm",8,0
"9","10093","gbm",9,0
"10","10093","gbm",10,0
"11","10093","gbm",11,0
"12","10093","gbm",12,0
"13","10093","gbm",13,0
"14","10093","gbm",14,0
"15","10093","gbm",15,0
"16","10093","gbm",16,0
"17","10093","gbm",17,0
"18","10093","gbm",18,0
"19","10093","gbm",19,0
"20","10093","gbm",20,0
"21","10093","gbm",21,0
"22","10093","gbm",22,1
"23","10093","gbm",23,0
"24","10093","gbm",24,0
"25","10093","gbm",25,0
"26","10093","gbm",26,0
"27","10093","gbm",27,0
"28","10093","gbm",28,0
"29","10093","gbm",29,0
"30","10093","gbm",30,0
"31","10093","gbm",31,0
"32","10093","gbm",32,0
"33","10093","gbm",33,0
"34","10093","gbm",34,1
"35","10093","gbm",35,0
"36","10093","gbm",36,0
"37","10093","gbm",37,0
"38","10093","gbm",38,0
"39","10093","gbm",39,0
"40","10093","gbm",40,0
"41","10093","gbm",41,0
"42","10093","gbm",42,0
"43","10093","gbm",43,0
"44","10093","gbm",44,0
"45","10093","gbm",45,0
"46","10093","gbm",46,0
"47","10093","gbm",47,1
"48","10093","gbm",48,0
"49","10093","gbm",49,1
"50","10093","gbm",50,0
"51","10093_gbm_id2.rda","gbm",1,1
"52","10093","gbm_id2",2,1
"53","10093","gbm_id2",3,0
"54","10093","gbm_id2",4,0
"55","10093","gbm_id2",5,0
"56","10093","gbm_id2",6,0
"57","10093","gbm_id2",7,0
"58","10093","gbm_id2",8,0
"59","10093","gbm_id2",9,0
"60","10093","gbm_id2",10,0
"61","10093","gbm_id2",11,0
"62","10093","gbm_id2",12,0
"63","10093","gbm_id2",13,1
"64","10093","gbm_id2",14,0
"65","10093","gbm_id2",15,0
"66","10093","gbm_id2",16,0
"67","10093","gbm_id2",17,0
"68","10093","gbm_id2",18,1
"69","10093","gbm_id2",19,0
"70","10093","gbm_id2",20,0
"71","10093","gbm_id2",21,0
"72","10093","gbm_id2",22,1
"73","10093","gbm_id2",23,0
"74","10093","gbm_id2",24,0
"75","10093","gbm_id2",25,0
"76","10093","gbm_id2",26,0
"77","10093","gbm_id2",27,0
"78","10093","gbm_id2",28,0
"79","10093","gbm_id2",29,0
"80","10093","gbm_id2",30,1
"81","10093","gbm_id2",31,1
"82","10093","gbm_id2",32,0
"83","10093","gbm_id2",33,0
"84","10093","gbm_id2",34,1
"85","10093","gbm_id2",35,0
"86","10093","gbm_id2",36,1
"87","10093","gbm_id2",37,0
"88","10093","gbm_id2",38,0
"89","10093","gbm_id2",39,0
"90","10093","gbm_id2",40,0
"91","10093","gbm_id2",41,0
"92","10093","gbm_id2",42,0
"93","10093","gbm_id2",43,0
"94","10093","gbm_id2",44,0
"95","10093","gbm_id2",45,0
"96","10093","gbm_id2",46,0
"97","10093","gbm_id2",47,1
"98","10093","gbm_id2",48,0
"99","10093","gbm_id2",49,1
"100","10093","gbm_id2",50,0
"101","10101_gbm.rda","gbm_id2",1,1
"102","10101","gbm",2,0
"103","10101","gbm",3,0
"104","10101","gbm",4,0
"105","10101","gbm",5,0
"106","10101","gbm",6,0
"107","10101","gbm",7,0
"108","10101","gbm",8,0
"109","10101","gbm",9,0
"110","10101","gbm",10,0
"111","10101","gbm",11,0
"112","10101","gbm",12,0
"113","10101","gbm",13,0
"114","10101","gbm",14,0
"115","10101","gbm",15,0
"116","10101","gbm",16,0
"117","10101","gbm",17,0
"118","10101","gbm",18,0
"119","10101","gbm",19,0
"120","10101","gbm",20,0
"121","10101","gbm",21,0
"122","10101","gbm",22,0
"123","10101","gbm",23,0
"124","10101","gbm",24,0
"125","10101","gbm",25,0
"126","10101","gbm",26,0
"127","10101","gbm",27,0
"128","10101","gbm",28,0
"129","10101","gbm",29,0
"130","10101","gbm",30,0
"131","10101","gbm",31,0
"132","10101","gbm",32,0
"133","10101","gbm",33,0
"134","10101","gbm",34,0
"135","10101","gbm",35,0
"136","10101","gbm",36,0
"137","10101","gbm",37,0
"138","10101","gbm",38,0
"139","10101","gbm",39,0
"140","10101","gbm",40,0
"141","10101","gbm",41,0
"142","10101","gbm",42,0
"143","10101","gbm",43,0
"144","10101","gbm",44,0
"145","10101","gbm",45,0
"146","10101","gbm",46,0
"147","10101","gbm",47,0
"148","10101","gbm",48,0
"149","10101","gbm",49,0
"150","10101","gbm",50,0
"151","10101_gbm_id2.rda","gbm",1,0
"152","10101","gbm_id2",2,0
"153","10101","gbm_id2",3,1
"154","10101","gbm_id2",4,1
"155","10101","gbm_id2",5,0
"156","10101","gbm_id2",6,0
"157","10101","gbm_id2",7,1
"158","10101","gbm_id2",8,0
"159","10101","gbm_id2",9,0
"160","10101","gbm_id2",10,0
"161","10101","gbm_id2",11,0
"162","10101","gbm_id2",12,0
"163","10101","gbm_id2",13,0
"164","10101","gbm_id2",14,0
"165","10101","gbm_id2",15,0
"166","10101","gbm_id2",16,0
"167","10101","gbm_id2",17,0
"168","10101","gbm_id2",18,0
"169","10101","gbm_id2",19,0
"170","10101","gbm_id2",20,0
"171","10101","gbm_id2",21,0
"172","10101","gbm_id2",22,1
"173","10101","gbm_id2",23,1
"174","10101","gbm_id2",24,0
"175","10101","gbm_id2",25,0
"176","10101","gbm_id2",26,0
"177","10101","gbm_id2",27,0
"178","10101","gbm_id2",28,0
"179","10101","gbm_id2",29,1
"180","10101","gbm_id2",30,1
"181","10101","gbm_id2",31,0
"182","10101","gbm_id2",32,0
"183","10101","gbm_id2",33,0
"184","10101","gbm_id2",34,0
"185","10101","gbm_id2",35,1
"186","10101","gbm_id2",36,1
"187","10101","gbm_id2",37,0
"188","10101","gbm_id2",38,0
"189","10101","gbm_id2",39,0
"190","10101","gbm_id2",40,0
"191","10101","gbm_id2",41,0
"192","10101","gbm_id2",42,0
"193","10101","gbm_id2",43,0
"194","10101","gbm_id2",44,0
"195","10101","gbm_id2",45,0
"196","10101","gbm_id2",46,0
"197","10101","gbm_id2",47,0
"198","10101","gbm_id2",48,0
"199","10101","gbm_id2",49,1
"200","10101","gbm_id2",50,0
"201","14965_gbm.rda","gbm_id2",1,0
"202","14965","gbm",2,4
"203","14965","gbm",3,4
"204","14965","gbm",4,4
"205","14965","gbm",5,4
"206","14965","gbm",6,4
"207","14965","gbm",7,4
"208","14965","gbm",8,4
"209","14965","gbm",9,4
"210","14965","gbm",10,4
"211","14965","gbm",11,4
"212","14965","gbm",12,4
"213","14965","gbm",13,4
"214","14965","gbm",14,4
"215","14965","gbm",15,4
"216","14965","gbm",16,4
"217","14965","gbm",17,4
"218","14965","gbm",18,4
"219","14965","gbm",19,4
"220","14965","gbm",20,4
"221","14965","gbm",21,4
"222","14965","gbm",22,4
"223","14965","gbm",23,4
"224","14965","gbm",24,4
"225","14965","gbm",25,4
"226","14965","gbm",26,4
"227","14965","gbm",27,4
"228","14965","gbm",28,4
"229","14965","gbm",29,4
"230","14965","gbm",30,4
"231","14965","gbm",31,4
"232","14965","gbm",32,4
"233","14965","gbm",33,4
"234","14965","gbm",34,4
"235","14965","gbm",35,4
"236","14965","gbm",36,4
"237","14965","gbm",37,4
"238","14965","gbm",38,4
"239","14965","gbm",39,4
"240","14965","gbm",40,4
"241","14965","gbm",41,4
"242","14965","gbm",42,4
"243","14965","gbm",43,4
"244","14965","gbm",44,4
"245","14965","gbm",45,4
"246","14965","gbm",46,4
"247","14965","gbm",47,4
"248","14965","gbm",48,4
"249","14965","gbm",49,4
"250","14965","gbm",50,4
"251","14965_gbm_id2.rda","gbm",1,4
"252","14965","gbm_id2",2,1
"253","14965","gbm_id2",3,1
"254","14965","gbm_id2",4,1
"255","14965","gbm_id2",5,1
"256","14965","gbm_id2",6,1
"257","14965","gbm_id2",7,1
"258","14965","gbm_id2",8,1
"259","14965","gbm_id2",9,1
"260","14965","gbm_id2",10,1
"261","14965","gbm_id2",11,1
"262","14965","gbm_id2",12,1
"263","14965","gbm_id2",13,2
"264","14965","gbm_id2",14,1
"265","14965","gbm_id2",15,1
"266","14965","gbm_id2",16,1
"267","14965","gbm_id2",17,1
"268","14965","gbm_id2",18,1
"269","14965","gbm_id2",19,1
"270","14965","gbm_id2",20,1
"271","14965","gbm_id2",21,1
"272","14965","gbm_id2",22,1
"273","14965","gbm_id2",23,1
"274","14965","gbm_id2",24,1
"275","14965","gbm_id2",25,1
"276","14965","gbm_id2",26,1
"277","14965","gbm_id2",27,1
"278","14965","gbm_id2",28,1
"279","14965","gbm_id2",29,1
"280","14965","gbm_id2",30,1
"281","14965","gbm_id2",31,1
"282","14965","gbm_id2",32,1
"283","14965","gbm_id2",33,1
"284","14965","gbm_id2",34,1
"285","14965","gbm_id2",35,1
"286","14965","gbm_id2",36,1
"287","14965","gbm_id2",37,2
"288","14965","gbm_id2",38,1
"289","14965","gbm_id2",39,1
"290","14965","gbm_id2",40,1
"291","14965","gbm_id2",41,1
"292","14965","gbm_id2",42,1
"293","14965","gbm_id2",43,1
"294","14965","gbm_id2",44,1
"295","14965","gbm_id2",45,1
"296","14965","gbm_id2",46,1
"297","14965","gbm_id2",47,1
"298","14965","gbm_id2",48,1
"299","14965","gbm_id2",49,1
"300","14965","gbm_id2",50,1
"301","219_gbm.rda","gbm_id2",1,1
"302","219","gbm",2,1
"303","219","gbm",3,1
"304","219","gbm",4,1
"305","219","gbm",5,1
"306","219","gbm",6,1
"307","219","gbm",7,1
"308","219","gbm",8,1
"309","219","gbm",9,1
"310","219","gbm",10,1
"311","219","gbm",11,1
"312","219","gbm",12,1
"313","219","gbm",13,1
"314","219","gbm",14,1
"315","219","gbm",15,1
"316","219","gbm",16,1
"317","219","gbm",17,1
"318","219","gbm",18,1
"319","219","gbm",19,1
"320","219","gbm",20,1
"321","219","gbm",21,1
"322","219","gbm",22,1
"323","219","gbm",23,1
"324","219","gbm",24,1
"325","219","gbm",25,1
"326","219","gbm",26,1
"327","219","gbm",27,1
"328","219","gbm",28,1
"329","219","gbm",29,1
"330","219","gbm",30,1
"331","219","gbm",31,1
"332","219","gbm",32,1
"333","219","gbm",33,1
"334","219","gbm",34,1
"335","219","gbm",35,1
"336","219","gbm",36,1
"337","219","gbm",37,1
"338","219","gbm",38,1
"339","219","gbm",39,1
"340","219","gbm",40,1
"341","219","gbm",41,1
"342","219","gbm",42,1
"343","219","gbm",43,1
"344","219","gbm",44,1
"345","219","gbm",45,1
"346","219","gbm",46,1
"347","219","gbm",47,1
"348","219","gbm",48,1
"349","219","gbm",49,1
"350","219","gbm",50,1
"351","219_gbm_id2.rda","gbm",1,1
"352","219","gbm_id2",2,0
"353","219","gbm_id2",3,0
"354","219","gbm_id2",4,0
"355","219","gbm_id2",5,0
"356","219","gbm_id2",6,0
"357","219","gbm_id2",7,0
"358","219","gbm_id2",8,0
"359","219","gbm_id2",9,0
"360","219","gbm_id2",10,0
"361","219","gbm_id2",11,0
"362","219","gbm_id2",12,0
"363","219","gbm_id2",13,0
"364","219","gbm_id2",14,0
"365","219","gbm_id2",15,0
"366","219","gbm_id2",16,0
"367","219","gbm_id2",17,0
"368","219","gbm_id2",18,0
"369","219","gbm_id2",19,0
"370","219","gbm_id2",20,0
"371","219","gbm_id2",21,0
"372","219","gbm_id2",22,0
"373","219","gbm_id2",23,0
"374","219","gbm_id2",24,0
"375","219","gbm_id2",25,0
"376","219","gbm_id2",26,0
"377","219","gbm_id2",27,0
"378","219","gbm_id2",28,0
"379","219","gbm_id2",29,0
"380","219","gbm_id2",30,0
"381","219","gbm_id2",31,0
"382","219","gbm_id2",32,0
"383","219","gbm_id2",33,0
"384","219","gbm_id2",34,0
"385","219","gbm_id2",35,0
"386","219","gbm_id2",36,0
"387","219","gbm_id2",37,1
"388","219","gbm_id2",38,0
"389","219","gbm_id2",39,0
"390","219","gbm_id2",40,0
"391","219","gbm_id2",41,0
"392","219","gbm_id2",42,0
"393","219","gbm_id2",43,0
"394","219","gbm_id2",44,0
"395","219","gbm_id2",45,0
"396","219","gbm_id2",46,0
"397","219","gbm_id2",47,0
"398","219","gbm_id2",48,1
"399","219","gbm_id2",49,0
"400","219","gbm_id2",50,0
"401","3_gbm.rda","gbm_id2",1,0
"402","3","gbm",2,0
"403","3","gbm",3,0
"404","3","gbm",4,0
"405","3","gbm",5,0
"406","3","gbm",6,0
"407","3","gbm",7,0
"408","3","gbm",8,0
"409","3","gbm",9,0
"410","3","gbm",10,0
"411","3","gbm",11,0
"412","3","gbm",12,0
"413","3","gbm",13,0
"414","3","gbm",14,0
"415","3","gbm",15,0
"416","3","gbm",16,0
"417","3","gbm",17,0
"418","3","gbm",18,0
"419","3","gbm",19,0
"420","3","gbm",20,0
"421","3","gbm",21,0
"422","3","gbm",22,0
"423","3","gbm",23,0
"424","3","gbm",24,0
"425","3","gbm",25,0
"426","3","gbm",26,0
"427","3","gbm",27,0
"428","3","gbm",28,0
"429","3","gbm",29,0
"430","3","gbm",30,0
"431","3","gbm",31,0
"432","3","gbm",32,0
"433","3","gbm",33,0
"434","3","gbm",34,0
"435","3","gbm",35,0
"436","3","gbm",36,0
"437","3","gbm",37,0
"438","3","gbm",38,0
"439","3","gbm",39,0
"440","3","gbm",40,0
"441","3","gbm",41,0
"442","3","gbm",42,0
"443","3","gbm",43,0
"444","3","gbm",44,0
"445","3","gbm",45,0
"446","3","gbm",46,0
"447","3","gbm",47,0
"448","3","gbm",48,0
"449","3","gbm",49,0
"450","3","gbm",50,0
"451","3_gbm_id2.rda","gbm",1,0
"452","3","gbm_id2",2,0
"453","3","gbm_id2",3,0
"454","3","gbm_id2",4,0
"455","3","gbm_id2",5,0
"456","3","gbm_id2",6,0
"457","3","gbm_id2",7,0
"458","3","gbm_id2",8,0
"459","3","gbm_id2",9,0
"460","3","gbm_id2",10,0
"461","3","gbm_id2",11,0
"462","3","gbm_id2",12,0
"463","3","gbm_id2",13,0
"464","3","gbm_id2",14,0
"465","3","gbm_id2",15,0
"466","3","gbm_id2",16,0
"467","3","gbm_id2",17,0
"468","3","gbm_id2",18,0
"469","3","gbm_id2",19,0
"470","3","gbm_id2",20,0
"471","3","gbm_id2",21,0
"472","3","gbm_id2",22,0
"473","3","gbm_id2",23,0
"474","3","gbm_id2",24,0
"475","3","gbm_id2",25,0
"476","3","gbm_id2",26,1
"477","3","gbm_id2",27,0
"478","3","gbm_id2",28,0
"479","3","gbm_id2",29,0
"480","3","gbm_id2",30,0
"481","3","gbm_id2",31,0
"482","3","gbm_id2",32,0
"483","3","gbm_id2",33,0
"484","3","gbm_id2",34,0
"485","3","gbm_id2",35,0
"486","3","gbm_id2",36,0
"487","3","gbm_id2",37,0
"488","3","gbm_id2",38,0
"489","3","gbm_id2",39,0
"490","3","gbm_id2",40,0
"491","3","gbm_id2",41,0
"492","3","gbm_id2",42,0
"493","3","gbm_id2",43,0
"494","3","gbm_id2",44,0
"495","3","gbm_id2",45,0
"496","3","gbm_id2",46,0
"497","3","gbm_id2",47,0
"498","3","gbm_id2",48,0
"499","3","gbm_id2",49,0
"500","3","gbm_id2",50,0
"501","31_gbm.rda","gbm_id2",1,0
"502","31","gbm",2,0
"503","31","gbm",3,0
"504","31","gbm",4,0
"505","31","gbm",5,0
"506","31","gbm",6,0
"507","31","gbm",7,0
"508","31","gbm",8,0
"509","31","gbm",9,0
"510","31","gbm",10,0
"511","31","gbm",11,0
"512","31","gbm",12,0
"513","31","gbm",13,0
"514","31","gbm",14,0
"515","31","gbm",15,0
"516","31","gbm",16,0
"517","31","gbm",17,0
"518","31","gbm",18,0
"519","31","gbm",19,0
"520","31","gbm",20,0
"521","31","gbm",21,0
"522","31","gbm",22,0
"523","31","gbm",23,0
"524","31","gbm",24,0
"525","31","gbm",25,0
"526","31","gbm",26,0
"527","31","gbm",27,0
"528","31","gbm",28,0
"529","31","gbm",29,0
"530","31","gbm",30,0
"531","31","gbm",31,0
"532","31","gbm",32,0
"533","31","gbm",33,0
"534","31","gbm",34,0
"535","31","gbm",35,0
"536","31","gbm",36,0
"537","31","gbm",37,0
"538","31","gbm",38,0
"539","31","gbm",39,0
"540","31","gbm",40,0
"541","31","gbm",41,0
"542","31","gbm",42,0
"543","31","gbm",43,0
"544","31","gbm",44,0
"545","31","gbm",45,0
"546","31","gbm",46,0
"547","31","gbm",47,0
"548","31","gbm",48,0
"549","31","gbm",49,0
"550","31","gbm",50,0
"551","31_gbm_id2.rda","gbm",1,0
"552","31","gbm_id2",2,0
"553","31","gbm_id2",3,1
"554","31","gbm_id2",4,1
"555","31","gbm_id2",5,0
"556","31","gbm_id2",6,1
"557","31","gbm_id2",7,0
"558","31","gbm_id2",8,0
"559","31","gbm_id2",9,0
"560","31","gbm_id2",10,1
"561","31","gbm_id2",11,0
"562","31","gbm_id2",12,1
"563","31","gbm_id2",13,0
"564","31","gbm_id2",14,0
"565","31","gbm_id2",15,1
"566","31","gbm_id2",16,0
"567","31","gbm_id2",17,1
"568","31","gbm_id2",18,0
"569","31","gbm_id2",19,0
"570","31","gbm_id2",20,0
"571","31","gbm_id2",21,0
"572","31","gbm_id2",22,0
"573","31","gbm_id2",23,1
"574","31","gbm_id2",24,0
"575","31","gbm_id2",25,0
"576","31","gbm_id2",26,1
"577","31","gbm_id2",27,1
"578","31","gbm_id2",28,0
"579","31","gbm_id2",29,0
"580","31","gbm_id2",30,0
"581","31","gbm_id2",31,0
"582","31","gbm_id2",32,1
"583","31","gbm_id2",33,1
"584","31","gbm_id2",34,0
"585","31","gbm_id2",35,0
"586","31","gbm_id2",36,0
"587","31","gbm_id2",37,1
"588","31","gbm_id2",38,1
"589","31","gbm_id2",39,0
"590","31","gbm_id2",40,0
"591","31","gbm_id2",41,0
"592","31","gbm_id2",42,0
"593","31","gbm_id2",43,0
"594","31","gbm_id2",44,0
"595","31","gbm_id2",45,1
"596","31","gbm_id2",46,1
"597","31","gbm_id2",47,0
"598","31","gbm_id2",48,0
"599","31","gbm_id2",49,0
"600","31","gbm_id2",50,2
"601","34537_gbm.rda","gbm_id2",1,0
"602","34537","gbm",2,0
"603","34537","gbm",3,0
"604","34537","gbm",4,0
"605","34537","gbm",5,0
"606","34537","gbm",6,0
"607","34537","gbm",7,0
"608","34537","gbm",8,0
"609","34537","gbm",9,0
"610","34537","gbm",10,0
"611","34537","gbm",11,0
"612","34537","gbm",12,0
"613","34537","gbm",13,0
"614","34537","gbm",14,0
"615","34537","gbm",15,0
"616","34537","gbm",16,0
"617","34537","gbm",17,0
"618","34537","gbm",18,0
"619","34537","gbm",19,0
"620","34537","gbm",20,0
"621","34537","gbm",21,0
"622","34537","gbm",22,0
"623","34537","gbm",23,0
"624","34537","gbm",24,0
"625","34537","gbm",25,0
"626","34537","gbm",26,0
"627","34537","gbm",27,0
"628","34537","gbm",28,0
"629","34537","gbm",29,0
"630","34537","gbm",30,0
"631","34537","gbm",31,0
"632","34537","gbm",32,0
"633","34537","gbm",33,0
"634","34537","gbm",34,0
"635","34537","gbm",35,0
"636","34537","gbm",36,0
"637","34537","gbm",37,0
"638","34537","gbm",38,0
"639","34537","gbm",39,0
"640","34537","gbm",40,0
"641","34537","gbm",41,0
"642","34537","gbm",42,0
"643","34537","gbm",43,0
"644","34537","gbm",44,0
"645","34537","gbm",45,0
"646","34537","gbm",46,0
"647","34537","gbm",47,0
"648","34537","gbm",48,0
"649","34537","gbm",49,0
"650","34537","gbm",50,0
"651","34537_gbm_id2.rda","gbm",1,0
"652","34537","gbm_id2",2,0
"653","34537","gbm_id2",3,1
"654","34537","gbm_id2",4,1
"655","34537","gbm_id2",5,1
"656","34537","gbm_id2",6,1
"657","34537","gbm_id2",7,0
"658","34537","gbm_id2",8,1
"659","34537","gbm_id2",9,0
"660","34537","gbm_id2",10,0
"661","34537","gbm_id2",11,1
"662","34537","gbm_id2",12,0
"663","34537","gbm_id2",13,0
"664","34537","gbm_id2",14,0
"665","34537","gbm_id2",15,2
"666","34537","gbm_id2",16,0
"667","34537","gbm_id2",17,1
"668","34537","gbm_id2",18,0
"669","34537","gbm_id2",19,1
"670","34537","gbm_id2",20,0
"671","34537","gbm_id2",21,1
"672","34537","gbm_id2",22,1
"673","34537","gbm_id2",23,1
"674","34537","gbm_id2",24,1
"675","34537","gbm_id2",25,0
"676","34537","gbm_id2",26,0
"677","34537","gbm_id2",27,1
"678","34537","gbm_id2",28,2
"679","34537","gbm_id2",29,0
"680","34537","gbm_id2",30,1
"681","34537","gbm_id2",31,1
"682","34537","gbm_id2",32,1
"683","34537","gbm_id2",33,0
"684","34537","gbm_id2",34,1
"685","34537","gbm_id2",35,0
"686","34537","gbm_id2",36,1
"687","34537","gbm_id2",37,0
"688","34537","gbm_id2",38,0
"689","34537","gbm_id2",39,1
"690","34537","gbm_id2",40,0
"691","34537","gbm_id2",41,0
"692","34537","gbm_id2",42,1
"693","34537","gbm_id2",43,1
"694","34537","gbm_id2",44,1
"695","34537","gbm_id2",45,1
"696","34537","gbm_id2",46,0
"697","34537","gbm_id2",47,1
"698","34537","gbm_id2",48,0
"699","34537","gbm_id2",49,1
"700","34537","gbm_id2",50,0
"701","3492_gbm.rda","gbm_id2",1,0
"702","3492","gbm",2,0
"703","3492","gbm",3,0
"704","3492","gbm",4,0
"705","3492","gbm",5,0
"706","3492","gbm",6,0
"707","3492","gbm",7,0
"708","3492","gbm",8,0
"709","3492","gbm",9,0
"710","3492","gbm",10,0
"711","3492","gbm",11,0
"712","3492","gbm",12,0
"713","3492","gbm",13,0
"714","3492","gbm",14,0
"715","3492","gbm",15,0
"716","3492","gbm",16,0
"717","3492","gbm",17,0
"718","3492","gbm",18,0
"719","3492","gbm",19,0
"720","3492","gbm",20,0
"721","3492","gbm",21,0
"722","3492","gbm",22,0
"723","3492","gbm",23,0
"724","3492","gbm",24,0
"725","3492","gbm",25,0
"726","3492","gbm",26,0
"727","3492","gbm",27,0
"728","3492","gbm",28,0
"729","3492","gbm",29,0
"730","3492","gbm",30,0
"731","3492","gbm",31,0
"732","3492","gbm",32,0
"733","3492","gbm",33,0
"734","3492","gbm",34,0
"735","3492","gbm",35,0
"736","3492","gbm",36,0
"737","3492","gbm",37,0
"738","3492","gbm",38,0
"739","3492","gbm",39,0
"740","3492","gbm",40,0
"741","3492","gbm",41,0
"742","3492","gbm",42,0
"743","3492","gbm",43,0
"744","3492","gbm",44,0
"745","3492","gbm",45,0
"746","3492","gbm",46,0
"747","3492","gbm",47,0
"748","3492","gbm",48,0
"749","3492","gbm",49,0
"750","3492","gbm",50,0
"751","3492_gbm_id2.rda","gbm",1,0
"752","3492","gbm_id2",2,1
"753","3492","gbm_id2",3,1
"754","3492","gbm_id2",4,1
"755","3492","gbm_id2",5,1
"756","3492","gbm_id2",6,1
"757","3492","gbm_id2",7,1
"758","3492","gbm_id2",8,1
"759","3492","gbm_id2",9,1
"760","3492","gbm_id2",10,1
"761","3492","gbm_id2",11,1
"762","3492","gbm_id2",12,1
"763","3492","gbm_id2",13,1
"764","3492","gbm_id2",14,1
"765","3492","gbm_id2",15,1
"766","3492","gbm_id2",16,1
"767","3492","gbm_id2",17,1
"768","3492","gbm_id2",18,1
"769","3492","gbm_id2",19,1
"770","3492","gbm_id2",20,1
"771","3492","gbm_id2",21,1
"772","3492","gbm_id2",22,1
"773","3492","gbm_id2",23,1
"774","3492","gbm_id2",24,1
"775","3492","gbm_id2",25,1
"776","3492","gbm_id2",26,1
"777","3492","gbm_id2",27,1
"778","3492","gbm_id2",28,1
"779","3492","gbm_id2",29,1
"780","3492","gbm_id2",30,1
"781","3492","gbm_id2",31,1
"782","3492","gbm_id2",32,1
"783","3492","gbm_id2",33,1
"784","3492","gbm_id2",34,1
"785","3492","gbm_id2",35,1
"786","3492","gbm_id2",36,1
"787","3492","gbm_id2",37,1
"788","3492","gbm_id2",38,1
"789","3492","gbm_id2",39,1
"790","3492","gbm_id2",40,1
"791","3492","gbm_id2",41,1
"792","3492","gbm_id2",42,1
"793","3492","gbm_id2",43,1
"794","3492","gbm_id2",44,1
"795","3492","gbm_id2",45,1
"796","3492","gbm_id2",46,1
"797","3492","gbm_id2",47,1
"798","3492","gbm_id2",48,1
"799","3492","gbm_id2",49,1
"800","3492","gbm_id2",50,1
"801","3493_gbm.rda","gbm_id2",1,1
"802","3493","gbm",2,0
"803","3493","gbm",3,0
"804","3493","gbm",4,0
"805","3493","gbm",5,0
"806","3493","gbm",6,0
"807","3493","gbm",7,0
"808","3493","gbm",8,0
"809","3493","gbm",9,0
"810","3493","gbm",10,0
"811","3493","gbm",11,0
"812","3493","gbm",12,0
"813","3493","gbm",13,0
"814","3493","gbm",14,0
"815","3493","gbm",15,0
"816","3493","gbm",16,0
"817","3493","gbm",17,0
"818","3493","gbm",18,0
"819","3493","gbm",19,0
"820","3493","gbm",20,0
"821","3493","gbm",21,0
"822","3493","gbm",22,0
"823","3493","gbm",23,0
"824","3493","gbm",24,0
"825","3493","gbm",25,0
"826","3493","gbm",26,0
"827","3493","gbm",27,0
"828","3493","gbm",28,0
"829","3493","gbm",29,0
"830","3493","gbm",30,0
"831","3493","gbm",31,0
"832","3493","gbm",32,0
"833","3493","gbm",33,0
"834","3493","gbm",34,0
"835","3493","gbm",35,0
"836","3493","gbm",36,0
"837","3493","gbm",37,0
"838","3493","gbm",38,0
"839","3493","gbm",39,0
"840","3493","gbm",40,0
"841","3493","gbm",41,0
"842","3493","gbm",42,0
"843","3493","gbm",43,0
"844","3493","gbm",44,0
"845","3493","gbm",45,0
"846","3493","gbm",46,0
"847","3493","gbm",47,0
"848","3493","gbm",48,0
"849","3493","gbm",49,0
"850","3493","gbm",50,0
"851","3493_gbm_id2.rda","gbm",1,0
"852","3493","gbm_id2",2,0
"853","3493","gbm_id2",3,0
"854","3493","gbm_id2",4,0
"855","3493","gbm_id2",5,0
"856","3493","gbm_id2",6,1
"857","3493","gbm_id2",7,1
"858","3493","gbm_id2",8,0
"859","3493","gbm_id2",9,1
"860","3493","gbm_id2",10,0
"861","3493","gbm_id2",11,0
"862","3493","gbm_id2",12,0
"863","3493","gbm_id2",13,1
"864","3493","gbm_id2",14,0
"865","3493","gbm_id2",15,0
"866","3493","gbm_id2",16,1
"867","3493","gbm_id2",17,0
"868","3493","gbm_id2",18,1
"869","3493","gbm_id2",19,0
"870","3493","gbm_id2",20,0
"871","3493","gbm_id2",21,1
"872","3493","gbm_id2",22,0
"873","3493","gbm_id2",23,0
"874","3493","gbm_id2",24,0
"875","3493","gbm_id2",25,1
"876","3493","gbm_id2",26,0
"877","3493","gbm_id2",27,0
"878","3493","gbm_id2",28,1
"879","3493","gbm_id2",29,0
"880","3493","gbm_id2",30,0
"881","3493","gbm_id2",31,0
"882","3493","gbm_id2",32,1
"883","3493","gbm_id2",33,1
"884","3493","gbm_id2",34,0
"885","3493","gbm_id2",35,0
"886","3493","gbm_id2",36,1
"887","3493","gbm_id2",37,0
"888","3493","gbm_id2",38,0
"889","3493","gbm_id2",39,0
"890","3493","gbm_id2",40,1
"891","3493","gbm_id2",41,0
"892","3493","gbm_id2",42,1
"893","3493","gbm_id2",43,0
"894","3493","gbm_id2",44,0
"895","3493","gbm_id2",45,0
"896","3493","gbm_id2",46,1
"897","3493","gbm_id2",47,0
"898","3493","gbm_id2",48,0
"899","3493","gbm_id2",49,1
"900","3493","gbm_id2",50,1
"901","3494_gbm.rda","gbm_id2",1,1
"902","3494","gbm",2,0
"903","3494","gbm",3,0
"904","3494","gbm",4,0
"905","3494","gbm",5,0
"906","3494","gbm",6,0
"907","3494","gbm",7,0
"908","3494","gbm",8,0
"909","3494","gbm",9,0
"910","3494","gbm",10,0
"911","3494","gbm",11,0
"912","3494","gbm",12,0
"913","3494","gbm",13,0
"914","3494","gbm",14,0
"915","3494","gbm",15,0
"916","3494","gbm",16,0
"917","3494","gbm",17,0
"918","3494","gbm",18,0
"919","3494","gbm",19,0
"920","3494","gbm",20,0
"921","3494","gbm",21,0
"922","3494","gbm",22,0
"923","3494","gbm",23,0
"924","3494","gbm",24,0
"925","3494","gbm",25,0
"926","3494","gbm",26,0
"927","3494","gbm",27,0
"928","3494","gbm",28,0
"929","3494","gbm",29,0
"930","3494","gbm",30,0
"931","3494","gbm",31,0
"932","3494","gbm",32,0
"933","3494","gbm",33,0
"934","3494","gbm",34,0
"935","3494","gbm",35,0
"936","3494","gbm",36,0
"937","3494","gbm",37,0
"938","3494","gbm",38,0
"939","3494","gbm",39,0
"940","3494","gbm",40,0
"941","3494","gbm",41,0
"942","3494","gbm",42,0
"943","3494","gbm",43,0
"944","3494","gbm",44,0
"945","3494","gbm",45,0
"946","3494","gbm",46,0
"947","3494","gbm",47,0
"948","3494","gbm",48,0
"949","3494","gbm",49,0
"950","3494","gbm",50,0
"951","3494_gbm_id2.rda","gbm",1,0
"952","3494","gbm_id2",2,0
"953","3494","gbm_id2",3,0
"954","3494","gbm_id2",4,0
"955","3494","gbm_id2",5,0
"956","3494","gbm_id2",6,0
"957","3494","gbm_id2",7,0
"958","3494","gbm_id2",8,0
"959","3494","gbm_id2",9,0
"960","3494","gbm_id2",10,0
"961","3494","gbm_id2",11,0
"962","3494","gbm_id2",12,0
"963","3494","gbm_id2",13,0
"964","3494","gbm_id2",14,0
"965","3494","gbm_id2",15,0
"966","3494","gbm_id2",16,0
"967","3494","gbm_id2",17,0
"968","3494","gbm_id2",18,0
"969","3494","gbm_id2",19,0
"970","3494","gbm_id2",20,0
"971","3494","gbm_id2",21,0
"972","3494","gbm_id2",22,0
"973","3494","gbm_id2",23,0
"974","3494","gbm_id2",24,0
"975","3494","gbm_id2",25,0
"976","3494","gbm_id2",26,0
"977","3494","gbm_id2",27,0
"978","3494","gbm_id2",28,0
"979","3494","gbm_id2",29,0
"980","3494","gbm_id2",30,0
"981","3494","gbm_id2",31,0
"982","3494","gbm_id2",32,0
"983","3494","gbm_id2",33,0
"984","3494","gbm_id2",34,0
"985","3494","gbm_id2",35,0
"986","3494","gbm_id2",36,0
"987","3494","gbm_id2",37,0
"988","3494","gbm_id2",38,0
"989","3494","gbm_id2",39,0
"990","3494","gbm_id2",40,0
"991","3494","gbm_id2",41,0
"992","3494","gbm_id2",42,0
"993","3494","gbm_id2",43,0
"994","3494","gbm_id2",44,0
"995","3494","gbm_id2",45,0
"996","3494","gbm_id2",46,0
"997","3494","gbm_id2",47,0
"998","3494","gbm_id2",48,0
"999","3494","gbm_id2",49,0
"1000","3494","gbm_id2",50,0
"1001","37_gbm.rda","gbm_id2",1,0
"1002","37","gbm",2,0
"1003","37","gbm",3,0
"1004","37","gbm",4,0
"1005","37","gbm",5,0
"1006","37","gbm",6,0
"1007","37","gbm",7,0
"1008","37","gbm",8,0
"1009","37","gbm",9,0
"1010","37","gbm",10,0
"1011","37","gbm",11,0
"1012","37","gbm",12,0
"1013","37","gbm",13,0
"1014","37","gbm",14,0
"1015","37","gbm",15,0
"1016","37","gbm",16,0
"1017","37","gbm",17,0
"1018","37","gbm",18,0
"1019","37","gbm",19,0
"1020","37","gbm",20,0
"1021","37","gbm",21,0
"1022","37","gbm",22,0
"1023","37","gbm",23,0
"1024","37","gbm",24,0
"1025","37","gbm",25,0
"1026","37","gbm",26,0
"1027","37","gbm",27,0
"1028","37","gbm",28,0
"1029","37","gbm",29,0
"1030","37","gbm",30,0
"1031","37","gbm",31,0
"1032","37","gbm",32,0
"1033","37","gbm",33,0
"1034","37","gbm",34,0
"1035","37","gbm",35,0
"1036","37","gbm",36,0
"1037","37","gbm",37,0
"1038","37","gbm",38,0
"1039","37","gbm",39,0
"1040","37","gbm",40,0
"1041","37","gbm",41,0
"1042","37","gbm",42,0
"1043","37","gbm",43,0
"1044","37","gbm",44,0
"1045","37","gbm",45,0
"1046","37","gbm",46,0
"1047","37","gbm",47,0
"1048","37","gbm",48,0
"1049","37","gbm",49,0
"1050","37","gbm",50,0
"1051","37_gbm_id2.rda","gbm",1,0
"1052","37","gbm_id2",2,0
"1053","37","gbm_id2",3,0
"1054","37","gbm_id2",4,0
"1055","37","gbm_id2",5,0
"1056","37","gbm_id2",6,0
"1057","37","gbm_id2",7,0
"1058","37","gbm_id2",8,0
"1059","37","gbm_id2",9,0
"1060","37","gbm_id2",10,0
"1061","37","gbm_id2",11,0
"1062","37","gbm_id2",12,0
"1063","37","gbm_id2",13,0
"1064","37","gbm_id2",14,0
"1065","37","gbm_id2",15,0
"1066","37","gbm_id2",16,0
"1067","37","gbm_id2",17,0
"1068","37","gbm_id2",18,0
"1069","37","gbm_id2",19,0
"1070","37","gbm_id2",20,0
"1071","37","gbm_id2",21,0
"1072","37","gbm_id2",22,0
"1073","37","gbm_id2",23,0
"1074","37","gbm_id2",24,0
"1075","37","gbm_id2",25,0
"1076","37","gbm_id2",26,0
"1077","37","gbm_id2",27,0
"1078","37","gbm_id2",28,0
"1079","37","gbm_id2",29,0
"1080","37","gbm_id2",30,0
"1081","37","gbm_id2",31,0
"1082","37","gbm_id2",32,0
"1083","37","gbm_id2",33,0
"1084","37","gbm_id2",34,0
"1085","37","gbm_id2",35,0
"1086","37","gbm_id2",36,0
"1087","37","gbm_id2",37,0
"1088","37","gbm_id2",38,0
"1089","37","gbm_id2",39,0
"1090","37","gbm_id2",40,0
"1091","37","gbm_id2",41,0
"1092","37","gbm_id2",42,0
"1093","37","gbm_id2",43,0
"1094","37","gbm_id2",44,0
"1095","37","gbm_id2",45,0
"1096","37","gbm_id2",46,0
"1097","37","gbm_id2",47,0
"1098","37","gbm_id2",48,0
"1099","37","gbm_id2",49,0
"1100","37","gbm_id2",50,0
"1101","3899_gbm.rda","gbm_id2",1,0
"1102","3899","gbm",2,0
"1103","3899","gbm",3,0
"1104","3899","gbm",4,0
"1105","3899","gbm",5,0
"1106","3899","gbm",6,0
"1107","3899","gbm",7,0
"1108","3899","gbm",8,0
"1109","3899","gbm",9,0
"1110","3899","gbm",10,0
"1111","3899","gbm",11,1
"1112","3899","gbm",12,0
"1113","3899","gbm",13,0
"1114","3899","gbm",14,0
"1115","3899","gbm",15,0
"1116","3899","gbm",16,0
"1117","3899","gbm",17,0
"1118","3899","gbm",18,0
"1119","3899","gbm",19,0
"1120","3899","gbm",20,0
"1121","3899","gbm",21,0
"1122","3899","gbm",22,0
"1123","3899","gbm",23,0
"1124","3899","gbm",24,0
"1125","3899","gbm",25,0
"1126","3899","gbm",26,1
"1127","3899","gbm",27,0
"1128","3899","gbm",28,0
"1129","3899","gbm",29,0
"1130","3899","gbm",30,0
"1131","3899","gbm",31,0
"1132","3899","gbm",32,0
"1133","3899","gbm",33,0
"1134","3899","gbm",34,0
"1135","3899","gbm",35,0
"1136","3899","gbm",36,0
"1137","3899","gbm",37,0
"1138","3899","gbm",38,0
"1139","3899","gbm",39,0
"1140","3899","gbm",40,0
"1141","3899","gbm",41,0
"1142","3899","gbm",42,0
"1143","3899","gbm",43,0
"1144","3899","gbm",44,0
"1145","3899","gbm",45,0
"1146","3899","gbm",46,0
"1147","3899","gbm",47,0
"1148","3899","gbm",48,0
"1149","3899","gbm",49,0
"1150","3899","gbm",50,0
"1151","3899_gbm_id2.rda","gbm",1,0
"1152","3899","gbm_id2",2,0
"1153","3899","gbm_id2",3,0
"1154","3899","gbm_id2",4,0
"1155","3899","gbm_id2",5,0
"1156","3899","gbm_id2",6,0
"1157","3899","gbm_id2",7,0
"1158","3899","gbm_id2",8,0
"1159","3899","gbm_id2",9,0
"1160","3899","gbm_id2",10,0
"1161","3899","gbm_id2",11,1
"1162","3899","gbm_id2",12,0
"1163","3899","gbm_id2",13,0
"1164","3899","gbm_id2",14,0
"1165","3899","gbm_id2",15,0
"1166","3899","gbm_id2",16,1
"1167","3899","gbm_id2",17,0
"1168","3899","gbm_id2",18,0
"1169","3899","gbm_id2",19,0
"1170","3899","gbm_id2",20,0
"1171","3899","gbm_id2",21,0
"1172","3899","gbm_id2",22,0
"1173","3899","gbm_id2",23,0
"1174","3899","gbm_id2",24,0
"1175","3899","gbm_id2",25,0
"1176","3899","gbm_id2",26,0
"1177","3899","gbm_id2",27,0
"1178","3899","gbm_id2",28,0
"1179","3899","gbm_id2",29,0
"1180","3899","gbm_id2",30,0
"1181","3899","gbm_id2",31,0
"1182","3899","gbm_id2",32,0
"1183","3899","gbm_id2",33,0
"1184","3899","gbm_id2",34,0
"1185","3899","gbm_id2",35,0
"1186","3899","gbm_id2",36,0
"1187","3899","gbm_id2",37,0
"1188","3899","gbm_id2",38,0
"1189","3899","gbm_id2",39,0
"1190","3899","gbm_id2",40,0
"1191","3899","gbm_id2",41,0
"1192","3899","gbm_id2",42,0
"1193","3899","gbm_id2",43,0
"1194","3899","gbm_id2",44,0
"1195","3899","gbm_id2",45,0
"1196","3899","gbm_id2",46,0
"1197","3899","gbm_id2",47,0
"1198","3899","gbm_id2",48,0
"1199","3899","gbm_id2",49,0
"1200","3899","gbm_id2",50,0
"1201","3902_gbm.rda","gbm_id2",1,0
"1202","3902","gbm",2,0
"1203","3902","gbm",3,0
"1204","3902","gbm",4,0
"1205","3902","gbm",5,0
"1206","3902","gbm",6,0
"1207","3902","gbm",7,0
"1208","3902","gbm",8,0
"1209","3902","gbm",9,0
"1210","3902","gbm",10,0
"1211","3902","gbm",11,0
"1212","3902","gbm",12,0
"1213","3902","gbm",13,0
"1214","3902","gbm",14,0
"1215","3902","gbm",15,0
"1216","3902","gbm",16,0
"1217","3902","gbm",17,0
"1218","3902","gbm",18,0
"1219","3902","gbm",19,0
"1220","3902","gbm",20,0
"1221","3902","gbm",21,0
"1222","3902","gbm",22,0
"1223","3902","gbm",23,0
"1224","3902","gbm",24,0
"1225","3902","gbm",25,0
"1226","3902","gbm",26,0
"1227","3902","gbm",27,0
"1228","3902","gbm",28,0
"1229","3902","gbm",29,0
"1230","3902","gbm",30,0
"1231","3902","gbm",31,0
"1232","3902","gbm",32,0
"1233","3902","gbm",33,0
"1234","3902","gbm",34,0
"1235","3902","gbm",35,0
"1236","3902","gbm",36,0
"1237","3902","gbm",37,0
"1238","3902","gbm",38,0
"1239","3902","gbm",39,0
"1240","3902","gbm",40,0
"1241","3902","gbm",41,0
"1242","3902","gbm",42,0
"1243","3902","gbm",43,0
"1244","3902","gbm",44,0
"1245","3902","gbm",45,0
"1246","3902","gbm",46,0
"1247","3902","gbm",47,0
"1248","3902","gbm",48,0
"1249","3902","gbm",49,0
"1250","3902","gbm",50,0
"1251","3902_gbm_id2.rda","gbm",1,0
"1252","3902","gbm_id2",2,0
"1253","3902","gbm_id2",3,0
"1254","3902","gbm_id2",4,0
"1255","3902","gbm_id2",5,0
"1256","3902","gbm_id2",6,0
"1257","3902","gbm_id2",7,0
"1258","3902","gbm_id2",8,0
"1259","3902","gbm_id2",9,0
"1260","3902","gbm_id2",10,1
"1261","3902","gbm_id2",11,0
"1262","3902","gbm_id2",12,1
"1263","3902","gbm_id2",13,0
"1264","3902","gbm_id2",14,0
"1265","3902","gbm_id2",15,0
"1266","3902","gbm_id2",16,0
"1267","3902","gbm_id2",17,0
"1268","3902","gbm_id2",18,0
"1269","3902","gbm_id2",19,0
"1270","3902","gbm_id2",20,0
"1271","3902","gbm_id2",21,1
"1272","3902","gbm_id2",22,0
"1273","3902","gbm_id2",23,1
"1274","3902","gbm_id2",24,0
"1275","3902","gbm_id2",25,0
"1276","3902","gbm_id2",26,0
"1277","3902","gbm_id2",27,0
"1278","3902","gbm_id2",28,0
"1279","3902","gbm_id2",29,0
"1280","3902","gbm_id2",30,0
"1281","3902","gbm_id2",31,0
"1282","3902","gbm_id2",32,0
"1283","3902","gbm_id2",33,0
"1284","3902","gbm_id2",34,0
"1285","3902","gbm_id2",35,1
"1286","3902","gbm_id2",36,0
"1287","3902","gbm_id2",37,0
"1288","3902","gbm_id2",38,0
"1289","3902","gbm_id2",39,0
"1290","3902","gbm_id2",40,0
"1291","3902","gbm_id2",41,0
"1292","3902","gbm_id2",42,0
"1293","3902","gbm_id2",43,0
"1294","3902","gbm_id2",44,0
"1295","3902","gbm_id2",45,0
"1296","3902","gbm_id2",46,0
"1297","3902","gbm_id2",47,0
"1298","3902","gbm_id2",48,0
"1299","3902","gbm_id2",49,0
"1300","3902","gbm_id2",50,0
"1301","3903_gbm.rda","gbm_id2",1,0
"1302","3903","gbm",2,0
"1303","3903","gbm",3,0
"1304","3903","gbm",4,0
"1305","3903","gbm",5,0
"1306","3903","gbm",6,0
"1307","3903","gbm",7,0
"1308","3903","gbm",8,0
"1309","3903","gbm",9,0
"1310","3903","gbm",10,0
"1311","3903","gbm",11,0
"1312","3903","gbm",12,0
"1313","3903","gbm",13,0
"1314","3903","gbm",14,0
"1315","3903","gbm",15,0
"1316","3903","gbm",16,0
"1317","3903","gbm",17,0
"1318","3903","gbm",18,0
"1319","3903","gbm",19,0
"1320","3903","gbm",20,0
"1321","3903","gbm",21,0
"1322","3903","gbm",22,0
"1323","3903","gbm",23,0
"1324","3903","gbm",24,0
"1325","3903","gbm",25,0
"1326","3903","gbm",26,0
"1327","3903","gbm",27,0
"1328","3903","gbm",28,0
"1329","3903","gbm",29,0
"1330","3903","gbm",30,0
"1331","3903","gbm",31,0
"1332","3903","gbm",32,0
"1333","3903","gbm",33,0
"1334","3903","gbm",34,0
"1335","3903","gbm",35,0
"1336","3903","gbm",36,0
"1337","3903","gbm",37,0
"1338","3903","gbm",38,0
"1339","3903","gbm",39,0
"1340","3903","gbm",40,0
"1341","3903","gbm",41,0
"1342","3903","gbm",42,0
"1343","3903","gbm",43,0
"1344","3903","gbm",44,0
"1345","3903","gbm",45,0
"1346","3903","gbm",46,0
"1347","3903","gbm",47,0
"1348","3903","gbm",48,0
"1349","3903","gbm",49,0
"1350","3903","gbm",50,0
"1351","3903_gbm_id2.rda","gbm",1,0
"1352","3903","gbm_id2",2,1
"1353","3903","gbm_id2",3,1
"1354","3903","gbm_id2",4,0
"1355","3903","gbm_id2",5,1
"1356","3903","gbm_id2",6,0
"1357","3903","gbm_id2",7,0
"1358","3903","gbm_id2",8,0
"1359","3903","gbm_id2",9,1
"1360","3903","gbm_id2",10,0
"1361","3903","gbm_id2",11,1
"1362","3903","gbm_id2",12,2
"1363","3903","gbm_id2",13,0
"1364","3903","gbm_id2",14,2
"1365","3903","gbm_id2",15,1
"1366","3903","gbm_id2",16,1
"1367","3903","gbm_id2",17,1
"1368","3903","gbm_id2",18,0
"1369","3903","gbm_id2",19,2
"1370","3903","gbm_id2",20,1
"1371","3903","gbm_id2",21,2
"1372","3903","gbm_id2",22,3
"1373","3903","gbm_id2",23,0
"1374","3903","gbm_id2",24,0
"1375","3903","gbm_id2",25,0
"1376","3903","gbm_id2",26,0
"1377","3903","gbm_id2",27,1
"1378","3903","gbm_id2",28,0
"1379","3903","gbm_id2",29,1
"1380","3903","gbm_id2",30,1
"1381","3903","gbm_id2",31,0
"1382","3903","gbm_id2",32,1
"1383","3903","gbm_id2",33,2
"1384","3903","gbm_id2",34,0
"1385","3903","gbm_id2",35,0
"1386","3903","gbm_id2",36,0
"1387","3903","gbm_id2",37,1
"1388","3903","gbm_id2",38,0
"1389","3903","gbm_id2",39,1
"1390","3903","gbm_id2",40,0
"1391","3903","gbm_id2",41,0
"1392","3903","gbm_id2",42,1
"1393","3903","gbm_id2",43,1
"1394","3903","gbm_id2",44,0
"1395","3903","gbm_id2",45,1
"1396","3903","gbm_id2",46,1
"1397","3903","gbm_id2",47,0
"1398","3903","gbm_id2",48,0
"1399","3903","gbm_id2",49,0
"1400","3903","gbm_id2",50,1
"1401","3913_gbm.rda","gbm_id2",1,1
"1402","3913","gbm",2,0
"1403","3913","gbm",3,0
"1404","3913","gbm",4,0
"1405","3913","gbm",5,0
"1406","3913","gbm",6,0
"1407","3913","gbm",7,0
"1408","3913","gbm",8,0
"1409","3913","gbm",9,0
"1410","3913","gbm",10,0
"1411","3913","gbm",11,0
"1412","3913","gbm",12,0
"1413","3913","gbm",13,0
"1414","3913","gbm",14,0
"1415","3913","gbm",15,0
"1416","3913","gbm",16,0
"1417","3913","gbm",17,0
"1418","3913","gbm",18,0
"1419","3913","gbm",19,0
"1420","3913","gbm",20,0
"1421","3913","gbm",21,0
"1422","3913","gbm",22,0
"1423","3913","gbm",23,1
"1424","3913","gbm",24,0
"1425","3913","gbm",25,0
"1426","3913","gbm",26,0
"1427","3913","gbm",27,0
"1428","3913","gbm",28,0
"1429","3913","gbm",29,0
"1430","3913","gbm",30,0
"1431","3913","gbm",31,0
"1432","3913","gbm",32,0
"1433","3913","gbm",33,0
"1434","3913","gbm",34,0
"1435","3913","gbm",35,0
"1436","3913","gbm",36,0
"1437","3913","gbm",37,0
"1438","3913","gbm",38,0
"1439","3913","gbm",39,0
"1440","3913","gbm",40,0
"1441","3913","gbm",41,0
"1442","3913","gbm",42,0
"1443","3913","gbm",43,0
"1444","3913","gbm",44,1
"1445","3913","gbm",45,0
"1446","3913","gbm",46,1
"1447","3913","gbm",47,0
"1448","3913","gbm",48,0
"1449","3913","gbm",49,0
"1450","3913","gbm",50,0
"1451","3913_gbm_id2.rda","gbm",1,0
"1452","3913","gbm_id2",2,1
"1453","3913","gbm_id2",3,2
"1454","3913","gbm_id2",4,3
"1455","3913","gbm_id2",5,1
"1456","3913","gbm_id2",6,0
"1457","3913","gbm_id2",7,1
"1458","3913","gbm_id2",8,2
"1459","3913","gbm_id2",9,2
"1460","3913","gbm_id2",10,1
"1461","3913","gbm_id2",11,1
"1462","3913","gbm_id2",12,2
"1463","3913","gbm_id2",13,1
"1464","3913","gbm_id2",14,1
"1465","3913","gbm_id2",15,1
"1466","3913","gbm_id2",16,0
"1467","3913","gbm_id2",17,1
"1468","3913","gbm_id2",18,1
"1469","3913","gbm_id2",19,1
"1470","3913","gbm_id2",20,2
"1471","3913","gbm_id2",21,0
"1472","3913","gbm_id2",22,1
"1473","3913","gbm_id2",23,2
"1474","3913","gbm_id2",24,1
"1475","3913","gbm_id2",25,1
"1476","3913","gbm_id2",26,1
"1477","3913","gbm_id2",27,1
"1478","3913","gbm_id2",28,1
"1479","3913","gbm_id2",29,1
"1480","3913","gbm_id2",30,1
"1481","3913","gbm_id2",31,1
"1482","3913","gbm_id2",32,1
"1483","3913","gbm_id2",33,2
"1484","3913","gbm_id2",34,1
"1485","3913","gbm_id2",35,1
"1486","3913","gbm_id2",36,0
"1487","3913","gbm_id2",37,1
"1488","3913","gbm_id2",38,1
"1489","3913","gbm_id2",39,1
"1490","3913","gbm_id2",40,0
"1491","3913","gbm_id2",41,1
"1492","3913","gbm_id2",42,1
"1493","3913","gbm_id2",43,1
"1494","3913","gbm_id2",44,3
"1495","3913","gbm_id2",45,1
"1496","3913","gbm_id2",46,2
"1497","3913","gbm_id2",47,1
"1498","3913","gbm_id2",48,0
"1499","3913","gbm_id2",49,4
"1500","3913","gbm_id2",50,0
"1501","3917_gbm.rda","gbm_id2",1,1
"1502","3917","gbm",2,0
"1503","3917","gbm",3,0
"1504","3917","gbm",4,0
"1505","3917","gbm",5,0
"1506","3917","gbm",6,0
"1507","3917","gbm",7,0
"1508","3917","gbm",8,0
"1509","3917","gbm",9,0
"1510","3917","gbm",10,0
"1511","3917","gbm",11,0
"1512","3917","gbm",12,0
"1513","3917","gbm",13,0
"1514","3917","gbm",14,0
"1515","3917","gbm",15,0
"1516","3917","gbm",16,0
"1517","3917","gbm",17,0
"1518","3917","gbm",18,0
"1519","3917","gbm",19,0
"1520","3917","gbm",20,0
"1521","3917","gbm",21,0
"1522","3917","gbm",22,0
"1523","3917","gbm",23,0
"1524","3917","gbm",24,0
"1525","3917","gbm",25,0
"1526","3917","gbm",26,0
"1527","3917","gbm",27,0
"1528","3917","gbm",28,0
"1529","3917","gbm",29,0
"1530","3917","gbm",30,0
"1531","3917","gbm",31,0
"1532","3917","gbm",32,0
"1533","3917","gbm",33,0
"1534","3917","gbm",34,0
"1535","3917","gbm",35,0
"1536","3917","gbm",36,0
"1537","3917","gbm",37,0
"1538","3917","gbm",38,0
"1539","3917","gbm",39,0
"1540","3917","gbm",40,0
"1541","3917","gbm",41,0
"1542","3917","gbm",42,0
"1543","3917","gbm",43,0
"1544","3917","gbm",44,0
"1545","3917","gbm",45,0
"1546","3917","gbm",46,0
"1547","3917","gbm",47,0
"1548","3917","gbm",48,0
"1549","3917","gbm",49,0
"1550","3917","gbm",50,0
"1551","3917_gbm_id2.rda","gbm",1,0
"1552","3917","gbm_id2",2,1
"1553","3917","gbm_id2",3,2
"1554","3917","gbm_id2",4,1
"1555","3917","gbm_id2",5,0
"1556","3917","gbm_id2",6,2
"1557","3917","gbm_id2",7,1
"1558","3917","gbm_id2",8,0
"1559","3917","gbm_id2",9,1
"1560","3917","gbm_id2",10,2
"1561","3917","gbm_id2",11,0
"1562","3917","gbm_id2",12,1
"1563","3917","gbm_id2",13,1
"1564","3917","gbm_id2",14,2
"1565","3917","gbm_id2",15,2
"1566","3917","gbm_id2",16,1
"1567","3917","gbm_id2",17,2
"1568","3917","gbm_id2",18,1
"1569","3917","gbm_id2",19,0
"1570","3917","gbm_id2",20,1
"1571","3917","gbm_id2",21,1
"1572","3917","gbm_id2",22,0
"1573","3917","gbm_id2",23,0
"1574","3917","gbm_id2",24,0
"1575","3917","gbm_id2",25,1
"1576","3917","gbm_id2",26,0
"1577","3917","gbm_id2",27,1
"1578","3917","gbm_id2",28,1
"1579","3917","gbm_id2",29,0
"1580","3917","gbm_id2",30,0
"1581","3917","gbm_id2",31,0
"1582","3917","gbm_id2",32,0
"1583","3917","gbm_id2",33,2
"1584","3917","gbm_id2",34,0
"1585","3917","gbm_id2",35,2
"1586","3917","gbm_id2",36,2
"1587","3917","gbm_id2",37,2
"1588","3917","gbm_id2",38,2
"1589","3917","gbm_id2",39,0
"1590","3917","gbm_id2",40,0
"1591","3917","gbm_id2",41,2
"1592","3917","gbm_id2",42,1
"1593","3917","gbm_id2",43,0
"1594","3917","gbm_id2",44,0
"1595","3917","gbm_id2",45,2
"1596","3917","gbm_id2",46,0
"1597","3917","gbm_id2",47,2
"1598","3917","gbm_id2",48,0
"1599","3917","gbm_id2",49,0
"1600","3917","gbm_id2",50,0
"1601","3918_gbm.rda","gbm_id2",1,2
"1602","3918","gbm",2,0
"1603","3918","gbm",3,0
"1604","3918","gbm",4,0
"1605","3918","gbm",5,0
"1606","3918","gbm",6,0
"1607","3918","gbm",7,0
"1608","3918","gbm",8,0
"1609","3918","gbm",9,0
"1610","3918","gbm",10,0
"1611","3918","gbm",11,0
"1612","3918","gbm",12,0
"1613","3918","gbm",13,0
"1614","3918","gbm",14,0
"1615","3918","gbm",15,0
"1616","3918","gbm",16,0
"1617","3918","gbm",17,0
"1618","3918","gbm",18,0
"1619","3918","gbm",19,0
"1620","3918","gbm",20,0
"1621","3918","gbm",21,0
"1622","3918","gbm",22,0
"1623","3918","gbm",23,0
"1624","3918","gbm",24,0
"1625","3918","gbm",25,0
"1626","3918","gbm",26,0
"1627","3918","gbm",27,0
"1628","3918","gbm",28,0
"1629","3918","gbm",29,0
"1630","3918","gbm",30,0
"1631","3918","gbm",31,0
"1632","3918","gbm",32,0
"1633","3918","gbm",33,0
"1634","3918","gbm",34,0
"1635","3918","gbm",35,0
"1636","3918","gbm",36,0
"1637","3918","gbm",37,0
"1638","3918","gbm",38,0
"1639","3918","gbm",39,0
"1640","3918","gbm",40,0
"1641","3918","gbm",41,0
"1642","3918","gbm",42,0
"1643","3918","gbm",43,0
"1644","3918","gbm",44,0
"1645","3918","gbm",45,0
"1646","3918","gbm",46,0
"1647","3918","gbm",47,0
"1648","3918","gbm",48,0
"1649","3918","gbm",49,0
"1650","3918","gbm",50,0
"1651","3918_gbm_id2.rda","gbm",1,0
"1652","3918","gbm_id2",2,0
"1653","3918","gbm_id2",3,0
"1654","3918","gbm_id2",4,0
"1655","3918","gbm_id2",5,0
"1656","3918","gbm_id2",6,0
"1657","3918","gbm_id2",7,2
"1658","3918","gbm_id2",8,1
"1659","3918","gbm_id2",9,0
"1660","3918","gbm_id2",10,2
"1661","3918","gbm_id2",11,0
"1662","3918","gbm_id2",12,0
"1663","3918","gbm_id2",13,0
"1664","3918","gbm_id2",14,0
"1665","3918","gbm_id2",15,1
"1666","3918","gbm_id2",16,0
"1667","3918","gbm_id2",17,0
"1668","3918","gbm_id2",18,3
"1669","3918","gbm_id2",19,0
"1670","3918","gbm_id2",20,2
"1671","3918","gbm_id2",21,3
"1672","3918","gbm_id2",22,1
"1673","3918","gbm_id2",23,1
"1674","3918","gbm_id2",24,0
"1675","3918","gbm_id2",25,0
"1676","3918","gbm_id2",26,0
"1677","3918","gbm_id2",27,0
"1678","3918","gbm_id2",28,1
"1679","3918","gbm_id2",29,1
"1680","3918","gbm_id2",30,0
"1681","3918","gbm_id2",31,1
"1682","3918","gbm_id2",32,1
"1683","3918","gbm_id2",33,0
"1684","3918","gbm_id2",34,0
"1685","3918","gbm_id2",35,0
"1686","3918","gbm_id2",36,3
"1687","3918","gbm_id2",37,0
"1688","3918","gbm_id2",38,0
"1689","3918","gbm_id2",39,1
"1690","3918","gbm_id2",40,1
"1691","3918","gbm_id2",41,0
"1692","3918","gbm_id2",42,0
"1693","3918","gbm_id2",43,1
"1694","3918","gbm_id2",44,2
"1695","3918","gbm_id2",45,0
"1696","3918","gbm_id2",46,1
"1697","3918","gbm_id2",47,1
"1698","3918","gbm_id2",48,1
"1699","3918","gbm_id2",49,1
"1700","3918","gbm_id2",50,0
"1701","3954_gbm.rda","gbm_id2",1,0
"1702","3954","gbm",2,0
"1703","3954","gbm",3,0
"1704","3954","gbm",4,0
"1705","3954","gbm",5,0
"1706","3954","gbm",6,0
"1707","3954","gbm",7,0
"1708","3954","gbm",8,0
"1709","3954","gbm",9,0
"1710","3954","gbm",10,0
"1711","3954","gbm",11,0
"1712","3954","gbm",12,0
"1713","3954","gbm",13,0
"1714","3954","gbm",14,0
"1715","3954","gbm",15,0
"1716","3954","gbm",16,0
"1717","3954","gbm",17,0
"1718","3954","gbm",18,0
"1719","3954","gbm",19,0
"1720","3954","gbm",20,0
"1721","3954","gbm",21,0
"1722","3954","gbm",22,0
"1723","3954","gbm",23,0
"1724","3954","gbm",24,0
"1725","3954","gbm",25,0
"1726","3954","gbm",26,0
"1727","3954","gbm",27,0
"1728","3954","gbm",28,0
"1729","3954","gbm",29,0
"1730","3954","gbm",30,0
"1731","3954","gbm",31,0
"1732","3954","gbm",32,0
"1733","3954","gbm",33,0
"1734","3954","gbm",34,0
"1735","3954","gbm",35,0
"1736","3954","gbm",36,0
"1737","3954","gbm",37,0
"1738","3954","gbm",38,0
"1739","3954","gbm",39,0
"1740","3954","gbm",40,0
"1741","3954","gbm",41,0
"1742","3954","gbm",42,0
"1743","3954","gbm",43,0
"1744","3954","gbm",44,0
"1745","3954","gbm",45,0
"1746","3954","gbm",46,0
"1747","3954","gbm",47,0
"1748","3954","gbm",48,0
"1749","3954","gbm",49,0
"1750","3954","gbm",50,0
"1751","3954_gbm_id2.rda","gbm",1,0
"1752","3954","gbm_id2",2,0
"1753","3954","gbm_id2",3,0
"1754","3954","gbm_id2",4,0
"1755","3954","gbm_id2",5,0
"1756","3954","gbm_id2",6,0
"1757","3954","gbm_id2",7,0
"1758","3954","gbm_id2",8,0
"1759","3954","gbm_id2",9,0
"1760","3954","gbm_id2",10,0
"1761","3954","gbm_id2",11,0
"1762","3954","gbm_id2",12,0
"1763","3954","gbm_id2",13,0
"1764","3954","gbm_id2",14,0
"1765","3954","gbm_id2",15,0
"1766","3954","gbm_id2",16,0
"1767","3954","gbm_id2",17,0
"1768","3954","gbm_id2",18,0
"1769","3954","gbm_id2",19,0
"1770","3954","gbm_id2",20,0
"1771","3954","gbm_id2",21,0
"1772","3954","gbm_id2",22,0
"1773","3954","gbm_id2",23,0
"1774","3954","gbm_id2",24,0
"1775","3954","gbm_id2",25,0
"1776","3954","gbm_id2",26,0
"1777","3954","gbm_id2",27,0
"1778","3954","gbm_id2",28,0
"1779","3954","gbm_id2",29,0
"1780","3954","gbm_id2",30,0
"1781","3954","gbm_id2",31,0
"1782","3954","gbm_id2",32,0
"1783","3954","gbm_id2",33,0
"1784","3954","gbm_id2",34,0
"1785","3954","gbm_id2",35,0
"1786","3954","gbm_id2",36,0
"1787","3954","gbm_id2",37,0
"1788","3954","gbm_id2",38,0
"1789","3954","gbm_id2",39,0
"1790","3954","gbm_id2",40,0
"1791","3954","gbm_id2",41,0
"1792","3954","gbm_id2",42,0
"1793","3954","gbm_id2",43,0
"1794","3954","gbm_id2",44,0
"1795","3954","gbm_id2",45,0
"1796","3954","gbm_id2",46,0
"1797","3954","gbm_id2",47,0
"1798","3954","gbm_id2",48,0
"1799","3954","gbm_id2",49,0
"1800","3954","gbm_id2",50,0
"1801","43_gbm.rda","gbm_id2",1,0
"1802","43","gbm",2,20
"1803","43","gbm",3,20
"1804","43","gbm",4,20
"1805","43","gbm",5,20
"1806","43","gbm",6,20
"1807","43","gbm",7,20
"1808","43","gbm",8,20
"1809","43","gbm",9,20
"1810","43","gbm",10,20
"1811","43","gbm",11,20
"1812","43","gbm",12,20
"1813","43","gbm",13,20
"1814","43","gbm",14,20
"1815","43","gbm",15,20
"1816","43","gbm",16,20
"1817","43","gbm",17,20
"1818","43","gbm",18,20
"1819","43","gbm",19,20
"1820","43","gbm",20,20
"1821","43","gbm",21,20
"1822","43","gbm",22,20
"1823","43","gbm",23,20
"1824","43","gbm",24,20
"1825","43","gbm",25,20
"1826","43","gbm",26,20
"1827","43","gbm",27,20
"1828","43","gbm",28,20
"1829","43","gbm",29,20
"1830","43","gbm",30,20
"1831","43","gbm",31,20
"1832","43","gbm",32,20
"1833","43","gbm",33,20
"1834","43","gbm",34,20
"1835","43","gbm",35,20
"1836","43","gbm",36,20
"1837","43","gbm",37,20
"1838","43","gbm",38,20
"1839","43","gbm",39,20
"1840","43","gbm",40,20
"1841","43","gbm",41,20
"1842","43","gbm",42,20
"1843","43","gbm",43,20
"1844","43","gbm",44,20
"1845","43","gbm",45,20
"1846","43","gbm",46,20
"1847","43","gbm",47,20
"1848","43","gbm",48,20
"1849","43","gbm",49,20
"1850","43","gbm",50,20
"1851","43_gbm_id2.rda","gbm",1,20
"1852","43","gbm_id2",2,0
"1853","43","gbm_id2",3,0
"1854","43","gbm_id2",4,0
"1855","43","gbm_id2",5,0
"1856","43","gbm_id2",6,0
"1857","43","gbm_id2",7,0
"1858","43","gbm_id2",8,0
"1859","43","gbm_id2",9,0
"1860","43","gbm_id2",10,0
"1861","43","gbm_id2",11,0
"1862","43","gbm_id2",12,0
"1863","43","gbm_id2",13,0
"1864","43","gbm_id2",14,0
"1865","43","gbm_id2",15,0
"1866","43","gbm_id2",16,0
"1867","43","gbm_id2",17,0
"1868","43","gbm_id2",18,0
"1869","43","gbm_id2",19,0
"1870","43","gbm_id2",20,0
"1871","43","gbm_id2",21,0
"1872","43","gbm_id2",22,0
"1873","43","gbm_id2",23,0
"1874","43","gbm_id2",24,0
"1875","43","gbm_id2",25,0
"1876","43","gbm_id2",26,0
"1877","43","gbm_id2",27,0
"1878","43","gbm_id2",28,0
"1879","43","gbm_id2",29,0
"1880","43","gbm_id2",30,0
"1881","43","gbm_id2",31,0
"1882","43","gbm_id2",32,0
"1883","43","gbm_id2",33,0
"1884","43","gbm_id2",34,0
"1885","43","gbm_id2",35,0
"1886","43","gbm_id2",36,0
"1887","43","gbm_id2",37,0
"1888","43","gbm_id2",38,0
"1889","43","gbm_id2",39,0
"1890","43","gbm_id2",40,0
"1891","43","gbm_id2",41,0
"1892","43","gbm_id2",42,0
"1893","43","gbm_id2",43,0
"1894","43","gbm_id2",44,0
"1895","43","gbm_id2",45,0
"1896","43","gbm_id2",46,0
"1897","43","gbm_id2",47,0
"1898","43","gbm_id2",48,0
"1899","43","gbm_id2",49,0
"1900","43","gbm_id2",50,0
"1901","49_gbm.rda","gbm_id2",1,0
"1902","49","gbm",2,0
"1903","49","gbm",3,0
"1904","49","gbm",4,0
"1905","49","gbm",5,0
"1906","49","gbm",6,0
"1907","49","gbm",7,0
"1908","49","gbm",8,0
"1909","49","gbm",9,0
"1910","49","gbm",10,0
"1911","49","gbm",11,0
"1912","49","gbm",12,0
"1913","49","gbm",13,0
"1914","49","gbm",14,0
"1915","49","gbm",15,0
"1916","49","gbm",16,0
"1917","49","gbm",17,0
"1918","49","gbm",18,0
"1919","49","gbm",19,0
"1920","49","gbm",20,0
"1921","49","gbm",21,0
"1922","49","gbm",22,0
"1923","49","gbm",23,0
"1924","49","gbm",24,0
"1925","49","gbm",25,0
"1926","49","gbm",26,0
"1927","49","gbm",27,0
"1928","49","gbm",28,0
"1929","49","gbm",29,0
"1930","49","gbm",30,0
"1931","49","gbm",31,0
"1932","49","gbm",32,0
"1933","49","gbm",33,0
"1934","49","gbm",34,0
"1935","49","gbm",35,0
"1936","49","gbm",36,0
"1937","49","gbm",37,0
"1938","49","gbm",38,0
"1939","49","gbm",39,0
"1940","49","gbm",40,0
"1941","49","gbm",41,0
"1942","49","gbm",42,0
"1943","49","gbm",43,0
"1944","49","gbm",44,0
"1945","49","gbm",45,0
"1946","49","gbm",46,0
"1947","49","gbm",47,0
"1948","49","gbm",48,0
"1949","49","gbm",49,0
"1950","49","gbm",50,0
"1951","49_gbm_id2.rda","gbm",1,0
"1952","49","gbm_id2",2,0
"1953","49","gbm_id2",3,1
"1954","49","gbm_id2",4,0
"1955","49","gbm_id2",5,0
"1956","49","gbm_id2",6,0
"1957","49","gbm_id2",7,0
"1958","49","gbm_id2",8,0
"1959","49","gbm_id2",9,0
"1960","49","gbm_id2",10,0
"1961","49","gbm_id2",11,0
"1962","49","gbm_id2",12,0
"1963","49","gbm_id2",13,0
"1964","49","gbm_id2",14,0
"1965","49","gbm_id2",15,0
"1966","49","gbm_id2",16,0
"1967","49","gbm_id2",17,0
"1968","49","gbm_id2",18,0
"1969","49","gbm_id2",19,0
"1970","49","gbm_id2",20,0
"1971","49","gbm_id2",21,0
"1972","49","gbm_id2",22,0
"1973","49","gbm_id2",23,0
"1974","49","gbm_id2",24,0
"1975","49","gbm_id2",25,0
"1976","49","gbm_id2",26,0
"1977","49","gbm_id2",27,0
"1978","49","gbm_id2",28,0
"1979","49","gbm_id2",29,0
"1980","49","gbm_id2",30,0
"1981","49","gbm_id2",31,0
"1982","49","gbm_id2",32,0
"1983","49","gbm_id2",33,0
"1984","49","gbm_id2",34,0
"1985","49","gbm_id2",35,0
"1986","49","gbm_id2",36,0
"1987","49","gbm_id2",37,1
"1988","49","gbm_id2",38,0
"1989","49","gbm_id2",39,0
"1990","49","gbm_id2",40,0
"1991","49","gbm_id2",41,0
"1992","49","gbm_id2",42,0
"1993","49","gbm_id2",43,0
"1994","49","gbm_id2",44,0
"1995","49","gbm_id2",45,0
"1996","49","gbm_id2",46,0
"1997","49","gbm_id2",47,0
"1998","49","gbm_id2",48,0
"1999","49","gbm_id2",49,0
"2000","49","gbm_id2",50,0
"2001","9946_gbm.rda","gbm_id2",1,0
"2002","9946","gbm",2,2
"2003","9946","gbm",3,1
"2004","9946","gbm",4,1
"2005","9946","gbm",5,1
"2006","9946","gbm",6,1
"2007","9946","gbm",7,1
"2008","9946","gbm",8,1
"2009","9946","gbm",9,1
"2010","9946","gbm",10,1
"2011","9946","gbm",11,1
"2012","9946","gbm",12,1
"2013","9946","gbm",13,1
"2014","9946","gbm",14,1
"2015","9946","gbm",15,1
"2016","9946","gbm",16,1
"2017","9946","gbm",17,1
"2018","9946","gbm",18,1
"2019","9946","gbm",19,1
"2020","9946","gbm",20,1
"2021","9946","gbm",21,0
"2022","9946","gbm",22,1
"2023","9946","gbm",23,1
"2024","9946","gbm",24,1
"2025","9946","gbm",25,1
"2026","9946","gbm",26,1
"2027","9946","gbm",27,1
"2028","9946","gbm",28,1
"2029","9946","gbm",29,1
"2030","9946","gbm",30,1
"2031","9946","gbm",31,0
"2032","9946","gbm",32,1
"2033","9946","gbm",33,1
"2034","9946","gbm",34,0
"2035","9946","gbm",35,1
"2036","9946","gbm",36,1
"2037","9946","gbm",37,2
"2038","9946","gbm",38,2
"2039","9946","gbm",39,0
"2040","9946","gbm",40,1
"2041","9946","gbm",41,2
"2042","9946","gbm",42,0
"2043","9946","gbm",43,2
"2044","9946","gbm",44,2
"2045","9946","gbm",45,1
"2046","9946","gbm",46,1
"2047","9946","gbm",47,0
"2048","9946","gbm",48,2
"2049","9946","gbm",49,1
"2050","9946","gbm",50,0
"2051","9946_gbm_id2.rda","gbm",1,0
"2052","9946","gbm_id2",2,1
"2053","9946","gbm_id2",3,2
"2054","9946","gbm_id2",4,1
"2055","9946","gbm_id2",5,2
"2056","9946","gbm_id2",6,1
"2057","9946","gbm_id2",7,1
"2058","9946","gbm_id2",8,1
"2059","9946","gbm_id2",9,1
"2060","9946","gbm_id2",10,1
"2061","9946","gbm_id2",11,1
"2062","9946","gbm_id2",12,1
"2063","9946","gbm_id2",13,2
"2064","9946","gbm_id2",14,1
"2065","9946","gbm_id2",15,1
"2066","9946","gbm_id2",16,1
"2067","9946","gbm_id2",17,1
"2068","9946","gbm_id2",18,2
"2069","9946","gbm_id2",19,2
"2070","9946","gbm_id2",20,2
"2071","9946","gbm_id2",21,2
"2072","9946","gbm_id2",22,2
"2073","9946","gbm_id2",23,2
"2074","9946","gbm_id2",24,2
"2075","9946","gbm_id2",25,1
"2076","9946","gbm_id2",26,1
"2077","9946","gbm_id2",27,1
"2078","9946","gbm_id2",28,1
"2079","9946","gbm_id2",29,1
"2080","9946","gbm_id2",30,2
"2081","9946","gbm_id2",31,2
"2082","9946","gbm_id2",32,1
"2083","9946","gbm_id2",33,2
"2084","9946","gbm_id2",34,0
"2085","9946","gbm_id2",35,1
"2086","9946","gbm_id2",36,2
"2087","9946","gbm_id2",37,3
"2088","9946","gbm_id2",38,4
"2089","9946","gbm_id2",39,2
"2090","9946","gbm_id2",40,2
"2091","9946","gbm_id2",41,2
"2092","9946","gbm_id2",42,1
"2093","9946","gbm_id2",43,2
"2094","9946","gbm_id2",44,3
"2095","9946","gbm_id2",45,3
"2096","9946","gbm_id2",46,2
"2097","9946","gbm_id2",47,1
"2098","9946","gbm_id2",48,3
"2099","9946","gbm_id2",49,1
"2100","9946","gbm_id2",50,2
"2101","9952_gbm.rda","gbm_id2",1,1
"2102","9952","gbm",2,0
"2103","9952","gbm",3,0
"2104","9952","gbm",4,0
"2105","9952","gbm",5,0
"2106","9952","gbm",6,0
"2107","9952","gbm",7,0
"2108","9952","gbm",8,0
"2109","9952","gbm",9,0
"2110","9952","gbm",10,0
"2111","9952","gbm",11,0
"2112","9952","gbm",12,0
"2113","9952","gbm",13,0
"2114","9952","gbm",14,0
"2115","9952","gbm",15,0
"2116","9952","gbm",16,0
"2117","9952","gbm",17,0
"2118","9952","gbm",18,0
"2119","9952","gbm",19,0
"2120","9952","gbm",20,0
"2121","9952","gbm",21,0
"2122","9952","gbm",22,0
"2123","9952","gbm",23,0
"2124","9952","gbm",24,0
"2125","9952","gbm",25,0
"2126","9952","gbm",26,0
"2127","9952","gbm",27,0
"2128","9952","gbm",28,0
"2129","9952","gbm",29,0
"2130","9952","gbm",30,0
"2131","9952","gbm",31,0
"2132","9952","gbm",32,0
"2133","9952","gbm",33,0
"2134","9952","gbm",34,0
"2135","9952","gbm",35,0
"2136","9952","gbm",36,0
"2137","9952","gbm",37,0
"2138","9952","gbm",38,0
"2139","9952","gbm",39,0
"2140","9952","gbm",40,0
"2141","9952","gbm",41,0
"2142","9952","gbm",42,0
"2143","9952","gbm",43,0
"2144","9952","gbm",44,0
"2145","9952","gbm",45,0
"2146","9952","gbm",46,0
"2147","9952","gbm",47,0
"2148","9952","gbm",48,0
"2149","9952","gbm",49,0
"2150","9952","gbm",50,0
"2151","9952_gbm_id2.rda","gbm",1,0
"2152","9952","gbm_id2",2,0
"2153","9952","gbm_id2",3,0
"2154","9952","gbm_id2",4,0
"2155","9952","gbm_id2",5,0
"2156","9952","gbm_id2",6,0
"2157","9952","gbm_id2",7,0
"2158","9952","gbm_id2",8,0
"2159","9952","gbm_id2",9,0
"2160","9952","gbm_id2",10,0
"2161","9952","gbm_id2",11,0
"2162","9952","gbm_id2",12,0
"2163","9952","gbm_id2",13,1
"2164","9952","gbm_id2",14,0
"2165","9952","gbm_id2",15,0
"2166","9952","gbm_id2",16,0
"2167","9952","gbm_id2",17,0
"2168","9952","gbm_id2",18,0
"2169","9952","gbm_id2",19,0
"2170","9952","gbm_id2",20,0
"2171","9952","gbm_id2",21,0
"2172","9952","gbm_id2",22,1
"2173","9952","gbm_id2",23,0
"2174","9952","gbm_id2",24,0
"2175","9952","gbm_id2",25,1
"2176","9952","gbm_id2",26,0
"2177","9952","gbm_id2",27,1
"2178","9952","gbm_id2",28,0
"2179","9952","gbm_id2",29,0
"2180","9952","gbm_id2",30,0
"2181","9952","gbm_id2",31,0
"2182","9952","gbm_id2",32,0
"2183","9952","gbm_id2",33,0
"2184","9952","gbm_id2",34,0
"2185","9952","gbm_id2",35,0
"2186","9952","gbm_id2",36,0
"2187","9952","gbm_id2",37,0
"2188","9952","gbm_id2",38,0
"2189","9952","gbm_id2",39,0
"2190","9952","gbm_id2",40,0
"2191","9952","gbm_id2",41,0
"2192","9952","gbm_id2",42,0
"2193","9952","gbm_id2",43,0
"2194","9952","gbm_id2",44,0
"2195","9952","gbm_id2",45,0
"2196","9952","gbm_id2",46,0
"2197","9952","gbm_id2",47,0
"2198","9952","gbm_id2",48,0
"2199","9952","gbm_id2",49,1
"2200","9952","gbm_id2",50,0
"2201","9957_gbm.rda","gbm_id2",1,0
"2202","9957","gbm",2,0
"2203","9957","gbm",3,0
"2204","9957","gbm",4,0
"2205","9957","gbm",5,0
"2206","9957","gbm",6,0
"2207","9957","gbm",7,0
"2208","9957","gbm",8,0
"2209","9957","gbm",9,0
"2210","9957","gbm",10,0
"2211","9957","gbm",11,0
"2212","9957","gbm",12,0
"2213","9957","gbm",13,0
"2214","9957","gbm",14,0
"2215","9957","gbm",15,0
"2216","9957","gbm",16,0
"2217","9957","gbm",17,0
"2218","9957","gbm",18,0
"2219","9957","gbm",19,0
"2220","9957","gbm",20,0
"2221","9957","gbm",21,0
"2222","9957","gbm",22,0
"2223","9957","gbm",23,0
"2224","9957","gbm",24,0
"2225","9957","gbm",25,0
"2226","9957","gbm",26,0
"2227","9957","gbm",27,0
"2228","9957","gbm",28,0
"2229","9957","gbm",29,0
"2230","9957","gbm",30,0
"2231","9957","gbm",31,0
"2232","9957","gbm",32,0
"2233","9957","gbm",33,0
"2234","9957","gbm",34,0
"2235","9957","gbm",35,0
"2236","9957","gbm",36,0
"2237","9957","gbm",37,0
"2238","9957","gbm",38,0
"2239","9957","gbm",39,0
"2240","9957","gbm",40,0
"2241","9957","gbm",41,0
"2242","9957","gbm",42,0
"2243","9957","gbm",43,0
"2244","9957","gbm",44,0
"2245","9957","gbm",45,0
"2246","9957","gbm",46,0
"2247","9957","gbm",47,0
"2248","9957","gbm",48,0
"2249","9957","gbm",49,0
"2250","9957","gbm",50,0
"2251","9957_gbm_id2.rda","gbm",1,0
"2252","9957","gbm_id2",2,0
"2253","9957","gbm_id2",3,1
"2254","9957","gbm_id2",4,0
"2255","9957","gbm_id2",5,0
"2256","9957","gbm_id2",6,0
"2257","9957","gbm_id2",7,0
"2258","9957","gbm_id2",8,0
"2259","9957","gbm_id2",9,0
"2260","9957","gbm_id2",10,0
"2261","9957","gbm_id2",11,0
"2262","9957","gbm_id2",12,1
"2263","9957","gbm_id2",13,0
"2264","9957","gbm_id2",14,0
"2265","9957","gbm_id2",15,0
"2266","9957","gbm_id2",16,0
"2267","9957","gbm_id2",17,1
"2268","9957","gbm_id2",18,0
"2269","9957","gbm_id2",19,0
"2270","9957","gbm_id2",20,0
"2271","9957","gbm_id2",21,0
"2272","9957","gbm_id2",22,0
"2273","9957","gbm_id2",23,0
"2274","9957","gbm_id2",24,0
"2275","9957","gbm_id2",25,1
"2276","9957","gbm_id2",26,0
"2277","9957","gbm_id2",27,1
"2278","9957","gbm_id2",28,0
"2279","9957","gbm_id2",29,0
"2280","9957","gbm_id2",30,0
"2281","9957","gbm_id2",31,0
"2282","9957","gbm_id2",32,1
"2283","9957","gbm_id2",33,0
"2284","9957","gbm_id2",34,0
"2285","9957","gbm_id2",35,1
"2286","9957","gbm_id2",36,0
"2287","9957","gbm_id2",37,0
"2288","9957","gbm_id2",38,0
"2289","9957","gbm_id2",39,0
"2290","9957","gbm_id2",40,1
"2291","9957","gbm_id2",41,0
"2292","9957","gbm_id2",42,0
"2293","9957","gbm_id2",43,0
"2294","9957","gbm_id2",44,1
"2295","9957","gbm_id2",45,0
"2296","9957","gbm_id2",46,0
"2297","9957","gbm_id2",47,0
"2298","9957","gbm_id2",48,1
"2299","9957","gbm_id2",49,0
"2300","9957","gbm_id2",50,0
"2301","9967_gbm.rda","gbm_id2",1,0
"2302","9967","gbm",2,0
"2303","9967","gbm",3,0
"2304","9967","gbm",4,0
"2305","9967","gbm",5,0
"2306","9967","gbm",6,0
"2307","9967","gbm",7,0
"2308","9967","gbm",8,0
"2309","9967","gbm",9,0
"2310","9967","gbm",10,0
"2311","9967","gbm",11,0
"2312","9967","gbm",12,0
"2313","9967","gbm",13,0
"2314","9967","gbm",14,0
"2315","9967","gbm",15,0
"2316","9967","gbm",16,0
"2317","9967","gbm",17,0
"2318","9967","gbm",18,0
"2319","9967","gbm",19,0
"2320","9967","gbm",20,0
"2321","9967","gbm",21,0
"2322","9967","gbm",22,0
"2323","9967","gbm",23,0
"2324","9967","gbm",24,0
"2325","9967","gbm",25,0
"2326","9967","gbm",26,0
"2327","9967","gbm",27,0
"2328","9967","gbm",28,0
"2329","9967","gbm",29,0
"2330","9967","gbm",30,0
"2331","9967","gbm",31,0
"2332","9967","gbm",32,0
"2333","9967","gbm",33,0
"2334","9967","gbm",34,0
"2335","9967","gbm",35,0
"2336","9967","gbm",36,0
"2337","9967","gbm",37,0
"2338","9967","gbm",38,0
"2339","9967","gbm",39,0
"2340","9967","gbm",40,0
"2341","9967","gbm",41,0
"2342","9967","gbm",42,0
"2343","9967","gbm",43,0
"2344","9967","gbm",44,0
"2345","9967","gbm",45,0
"2346","9967","gbm",46,0
"2347","9967","gbm",47,0
"2348","9967","gbm",48,0
"2349","9967","gbm",49,0
"2350","9967","gbm",50,0
"2351","9967_gbm_id2.rda","gbm",1,0
"2352","9967","gbm_id2",2,0
"2353","9967","gbm_id2",3,0
"2354","9967","gbm_id2",4,0
"2355","9967","gbm_id2",5,0
"2356","9967","gbm_id2",6,0
"2357","9967","gbm_id2",7,0
"2358","9967","gbm_id2",8,0
"2359","9967","gbm_id2",9,0
"2360","9967","gbm_id2",10,0
"2361","9967","gbm_id2",11,0
"2362","9967","gbm_id2",12,0
"2363","9967","gbm_id2",13,0
"2364","9967","gbm_id2",14,0
"2365","9967","gbm_id2",15,0
"2366","9967","gbm_id2",16,0
"2367","9967","gbm_id2",17,0
"2368","9967","gbm_id2",18,0
"2369","9967","gbm_id2",19,0
"2370","9967","gbm_id2",20,0
"2371","9967","gbm_id2",21,0
"2372","9967","gbm_id2",22,0
"2373","9967","gbm_id2",23,0
"2374","9967","gbm_id2",24,0
"2375","9967","gbm_id2",25,0
"2376","9967","gbm_id2",26,0
"2377","9967","gbm_id2",27,0
"2378","9967","gbm_id2",28,0
"2379","9967","gbm_id2",29,0
"2380","9967","gbm_id2",30,0
"2381","9967","gbm_id2",31,0
"2382","9967","gbm_id2",32,0
"2383","9967","gbm_id2",33,0
"2384","9967","gbm_id2",34,0
"2385","9967","gbm_id2",35,0
"2386","9967","gbm_id2",36,0
"2387","9967","gbm_id2",37,0
"2388","9967","gbm_id2",38,0
"2389","9967","gbm_id2",39,0
"2390","9967","gbm_id2",40,0
"2391","9967","gbm_id2",41,0
"2392","9967","gbm_id2",42,0
"2393","9967","gbm_id2",43,0
"2394","9967","gbm_id2",44,0
"2395","9967","gbm_id2",45,0
"2396","9967","gbm_id2",46,0
"2397","9967","gbm_id2",47,0
"2398","9967","gbm_id2",48,0
"2399","9967","gbm_id2",49,0
"2400","9967","gbm_id2",50,0
"2401","9971_gbm.rda","gbm_id2",1,0
"2402","9971","gbm",2,0
"2403","9971","gbm",3,0
"2404","9971","gbm",4,0
"2405","9971","gbm",5,0
"2406","9971","gbm",6,0
"2407","9971","gbm",7,0
"2408","9971","gbm",8,0
"2409","9971","gbm",9,0
"2410","9971","gbm",10,0
"2411","9971","gbm",11,0
"2412","9971","gbm",12,0
"2413","9971","gbm",13,0
"2414","9971","gbm",14,0
"2415","9971","gbm",15,0
"2416","9971","gbm",16,0
"2417","9971","gbm",17,0
"2418","9971","gbm",18,0
"2419","9971","gbm",19,0
"2420","9971","gbm",20,0
"2421","9971","gbm",21,0
"2422","9971","gbm",22,0
"2423","9971","gbm",23,0
"2424","9971","gbm",24,0
"2425","9971","gbm",25,0
"2426","9971","gbm",26,0
"2427","9971","gbm",27,0
"2428","9971","gbm",28,0
"2429","9971","gbm",29,0
"2430","9971","gbm",30,0
"2431","9971","gbm",31,0
"2432","9971","gbm",32,0
"2433","9971","gbm",33,0
"2434","9971","gbm",34,0
"2435","9971","gbm",35,0
"2436","9971","gbm",36,0
"2437","9971","gbm",37,0
"2438","9971","gbm",38,0
"2439","9971","gbm",39,0
"2440","9971","gbm",40,0
"2441","9971","gbm",41,0
"2442","9971","gbm",42,0
"2443","9971","gbm",43,0
"2444","9971","gbm",44,0
"2445","9971","gbm",45,0
"2446","9971","gbm",46,0
"2447","9971","gbm",47,0
"2448","9971","gbm",48,0
"2449","9971","gbm",49,0
"2450","9971","gbm",50,0
"2451","9971_gbm_id2.rda","gbm",1,0
"2452","9971","gbm_id2",2,0
"2453","9971","gbm_id2",3,0
"2454","9971","gbm_id2",4,0
"2455","9971","gbm_id2",5,0
"2456","9971","gbm_id2",6,1
"2457","9971","gbm_id2",7,0
"2458","9971","gbm_id2",8,0
"2459","9971","gbm_id2",9,1
"2460","9971","gbm_id2",10,1
"2461","9971","gbm_id2",11,1
"2462","9971","gbm_id2",12,0
"2463","9971","gbm_id2",13,0
"2464","9971","gbm_id2",14,1
"2465","9971","gbm_id2",15,1
"2466","9971","gbm_id2",16,0
"2467","9971","gbm_id2",17,0
"2468","9971","gbm_id2",18,0
"2469","9971","gbm_id2",19,1
"2470","9971","gbm_id2",20,0
"2471","9971","gbm_id2",21,0
"2472","9971","gbm_id2",22,0
"2473","9971","gbm_id2",23,0
"2474","9971","gbm_id2",24,1
"2475","9971","gbm_id2",25,0
"2476","9971","gbm_id2",26,0
"2477","9971","gbm_id2",27,0
"2478","9971","gbm_id2",28,1
"2479","9971","gbm_id2",29,2
"2480","9971","gbm_id2",30,0
"2481","9971","gbm_id2",31,0
"2482","9971","gbm_id2",32,1
"2483","9971","gbm_id2",33,0
"2484","9971","gbm_id2",34,0
"2485","9971","gbm_id2",35,0
"2486","9971","gbm_id2",36,0
"2487","9971","gbm_id2",37,0
"2488","9971","gbm_id2",38,0
"2489","9971","gbm_id2",39,0
"2490","9971","gbm_id2",40,0
"2491","9971","gbm_id2",41,1
"2492","9971","gbm_id2",42,0
"2493","9971","gbm_id2",43,1
"2494","9971","gbm_id2",44,0
"2495","9971","gbm_id2",45,0
"2496","9971","gbm_id2",46,0
"2497","9971","gbm_id2",47,0
"2498","9971","gbm_id2",48,0
"2499","9971","gbm_id2",49,0
"2500","9971","gbm_id2",50,1
"2501","9978_gbm.rda","gbm_id2",1,1
"2502","9978","gbm",2,0
"2503","9978","gbm",3,0
"2504","9978","gbm",4,0
"2505","9978","gbm",5,0
"2506","9978","gbm",6,0
"2507","9978","gbm",7,0
"2508","9978","gbm",8,0
"2509","9978","gbm",9,0
"2510","9978","gbm",10,0
"2511","9978","gbm",11,0
"2512","9978","gbm",12,0
"2513","9978","gbm",13,0
"2514","9978","gbm",14,0
"2515","9978","gbm",15,0
"2516","9978","gbm",16,0
"2517","9978","gbm",17,0
"2518","9978","gbm",18,0
"2519","9978","gbm",19,0
"2520","9978","gbm",20,0
"2521","9978","gbm",21,0
"2522","9978","gbm",22,0
"2523","9978","gbm",23,0
"2524","9978","gbm",24,0
"2525","9978","gbm",25,0
"2526","9978","gbm",26,0
"2527","9978","gbm",27,0
"2528","9978","gbm",28,0
"2529","9978","gbm",29,0
"2530","9978","gbm",30,0
"2531","9978","gbm",31,0
"2532","9978","gbm",32,0
"2533","9978","gbm",33,0
"2534","9978","gbm",34,0
"2535","9978","gbm",35,0
"2536","9978","gbm",36,0
"2537","9978","gbm",37,0
"2538","9978","gbm",38,0
"2539","9978","gbm",39,0
"2540","9978","gbm",40,0
"2541","9978","gbm",41,0
"2542","9978","gbm",42,0
"2543","9978","gbm",43,0
"2544","9978","gbm",44,0
"2545","9978","gbm",45,0
"2546","9978","gbm",46,0
"2547","9978","gbm",47,0
"2548","9978","gbm",48,0
"2549","9978","gbm",49,0
"2550","9978","gbm",50,0
"2551","9978_gbm_id2.rda","gbm",1,0
"2552","9978","gbm_id2",2,1
"2553","9978","gbm_id2",3,1
"2554","9978","gbm_id2",4,1
"2555","9978","gbm_id2",5,1
"2556","9978","gbm_id2",6,1
"2557","9978","gbm_id2",7,1
"2558","9978","gbm_id2",8,1
"2559","9978","gbm_id2",9,1
"2560","9978","gbm_id2",10,1
"2561","9978","gbm_id2",11,2
"2562","9978","gbm_id2",12,2
"2563","9978","gbm_id2",13,2
"2564","9978","gbm_id2",14,1
"2565","9978","gbm_id2",15,1
"2566","9978","gbm_id2",16,1
"2567","9978","gbm_id2",17,1
"2568","9978","gbm_id2",18,1
"2569","9978","gbm_id2",19,1
"2570","9978","gbm_id2",20,3
"2571","9978","gbm_id2",21,1
"2572","9978","gbm_id2",22,1
"2573","9978","gbm_id2",23,1
"2574","9978","gbm_id2",24,2
"2575","9978","gbm_id2",25,1
"2576","9978","gbm_id2",26,0
"2577","9978","gbm_id2",27,0
"2578","9978","gbm_id2",28,1
"2579","9978","gbm_id2",29,0
"2580","9978","gbm_id2",30,0
"2581","9978","gbm_id2",31,1
"2582","9978","gbm_id2",32,2
"2583","9978","gbm_id2",33,1
"2584","9978","gbm_id2",34,2
"2585","9978","gbm_id2",35,0
"2586","9978","gbm_id2",36,1
"2587","9978","gbm_id2",37,1
"2588","9978","gbm_id2",38,1
"2589","9978","gbm_id2",39,1
"2590","9978","gbm_id2",40,1
"2591","9978","gbm_id2",41,1
"2592","9978","gbm_id2",42,2
"2593","9978","gbm_id2",43,1
"2594","9978","gbm_id2",44,1
"2595","9978","gbm_id2",45,0
"2596","9978","gbm_id2",46,1
"2597","9978","gbm_id2",47,1
"2598","9978","gbm_id2",48,0
"2599","9978","gbm_id2",49,1
"2600","9978","gbm_id2",50,1
"2601","9980_gbm.rda","gbm_id2",1,1
"2602","9980","gbm",2,0
"2603","9980","gbm",3,0
"2604","9980","gbm",4,0
"2605","9980","gbm",5,0
"2606","9980","gbm",6,0
"2607","9980","gbm",7,0
"2608","9980","gbm",8,0
"2609","9980","gbm",9,1
"2610","9980","gbm",10,0
"2611","9980","gbm",11,0
"2612","9980","gbm",12,0
"2613","9980","gbm",13,0
"2614","9980","gbm",14,0
"2615","9980","gbm",15,0
"2616","9980","gbm",16,0
"2617","9980","gbm",17,0
"2618","9980","gbm",18,0
"2619","9980","gbm",19,0
"2620","9980","gbm",20,0
"2621","9980","gbm",21,0
"2622","9980","gbm",22,0
"2623","9980","gbm",23,0
"2624","9980","gbm",24,0
"2625","9980","gbm",25,0
"2626","9980","gbm",26,0
"2627","9980","gbm",27,0
"2628","9980","gbm",28,0
"2629","9980","gbm",29,0
"2630","9980","gbm",30,1
"2631","9980","gbm",31,0
"2632","9980","gbm",32,0
"2633","9980","gbm",33,0
"2634","9980","gbm",34,0
"2635","9980","gbm",35,0
"2636","9980","gbm",36,0
"2637","9980","gbm",37,0
"2638","9980","gbm",38,0
"2639","9980","gbm",39,0
"2640","9980","gbm",40,0
"2641","9980","gbm",41,0
"2642","9980","gbm",42,0
"2643","9980","gbm",43,0
"2644","9980","gbm",44,0
"2645","9980","gbm",45,0
"2646","9980","gbm",46,0
"2647","9980","gbm",47,0
"2648","9980","gbm",48,0
"2649","9980","gbm",49,0
"2650","9980","gbm",50,0
"2651","9980_gbm_id2.rda","gbm",1,0
"2652","9980","gbm_id2",2,0
"2653","9980","gbm_id2",3,1
"2654","9980","gbm_id2",4,0
"2655","9980","gbm_id2",5,0
"2656","9980","gbm_id2",6,0
"2657","9980","gbm_id2",7,0
"2658","9980","gbm_id2",8,0
"2659","9980","gbm_id2",9,1
"2660","9980","gbm_id2",10,0
"2661","9980","gbm_id2",11,0
"2662","9980","gbm_id2",12,0
"2663","9980","gbm_id2",13,1
"2664","9980","gbm_id2",14,1
"2665","9980","gbm_id2",15,2
"2666","9980","gbm_id2",16,0
"2667","9980","gbm_id2",17,0
"2668","9980","gbm_id2",18,1
"2669","9980","gbm_id2",19,0
"2670","9980","gbm_id2",20,0
"2671","9980","gbm_id2",21,0
"2672","9980","gbm_id2",22,0
"2673","9980","gbm_id2",23,1
"2674","9980","gbm_id2",24,0
"2675","9980","gbm_id2",25,0
"2676","9980","gbm_id2",26,0
"2677","9980","gbm_id2",27,0
"2678","9980","gbm_id2",28,0
"2679","9980","gbm_id2",29,1
"2680","9980","gbm_id2",30,2
"2681","9980","gbm_id2",31,2
"2682","9980","gbm_id2",32,0
"2683","9980","gbm_id2",33,1
"2684","9980","gbm_id2",34,0
"2685","9980","gbm_id2",35,0
"2686","9980","gbm_id2",36,0
"2687","9980","gbm_id2",37,0
"2688","9980","gbm_id2",38,0
"2689","9980","gbm_id2",39,1
"2690","9980","gbm_id2",40,2
"2691","9980","gbm_id2",41,1
"2692","9980","gbm_id2",42,1
"2693","9980","gbm_id2",43,0
"2694","9980","gbm_id2",44,0
"2695","9980","gbm_id2",45,0
"2696","9980","gbm_id2",46,1
"2697","9980","gbm_id2",47,0
"2698","9980","gbm_id2",48,1
"2699","9980","gbm_id2",49,0
"2700","9980","gbm_id2",50,0
"2701","9983_gbm.rda","gbm_id2",1,0
"2702","9983","gbm",2,0
"2703","9983","gbm",3,0
"2704","9983","gbm",4,0
"2705","9983","gbm",5,0
"2706","9983","gbm",6,0
"2707","9983","gbm",7,0
"2708","9983","gbm",8,0
"2709","9983","gbm",9,0
"2710","9983","gbm",10,0
"2711","9983","gbm",11,0
"2712","9983","gbm",12,0
"2713","9983","gbm",13,0
"2714","9983","gbm",14,0
"2715","9983","gbm",15,0
"2716","9983","gbm",16,0
"2717","9983","gbm",17,0
"2718","9983","gbm",18,0
"2719","9983","gbm",19,0
"2720","9983","gbm",20,0
"2721","9983","gbm",21,0
"2722","9983","gbm",22,0
"2723","9983","gbm",23,0
"2724","9983","gbm",24,0
"2725","9983","gbm",25,0
"2726","9983","gbm",26,0
"2727","9983","gbm",27,0
"2728","9983","gbm",28,0
"2729","9983","gbm",29,0
"2730","9983","gbm",30,0
"2731","9983","gbm",31,0
"2732","9983","gbm",32,0
"2733","9983","gbm",33,0
"2734","9983","gbm",34,0
"2735","9983","gbm",35,0
"2736","9983","gbm",36,0
"2737","9983","gbm",37,0
"2738","9983","gbm",38,0
"2739","9983","gbm",39,0
"2740","9983","gbm",40,0
"2741","9983","gbm",41,0
"2742","9983","gbm",42,0
"2743","9983","gbm",43,0
"2744","9983","gbm",44,0
"2745","9983","gbm",45,0
"2746","9983","gbm",46,0
"2747","9983","gbm",47,0
"2748","9983","gbm",48,0
"2749","9983","gbm",49,0
"2750","9983","gbm",50,0
"2751","9983_gbm_id2.rda","gbm",1,0
"2752","9983","gbm_id2",2,1
"2753","9983","gbm_id2",3,0
"2754","9983","gbm_id2",4,0
"2755","9983","gbm_id2",5,0
"2756","9983","gbm_id2",6,0
"2757","9983","gbm_id2",7,1
"2758","9983","gbm_id2",8,0
"2759","9983","gbm_id2",9,0
"2760","9983","gbm_id2",10,0
"2761","9983","gbm_id2",11,0
"2762","9983","gbm_id2",12,0
"2763","9983","gbm_id2",13,0
"2764","9983","gbm_id2",14,1
"2765","9983","gbm_id2",15,1
"2766","9983","gbm_id2",16,0
"2767","9983","gbm_id2",17,1
"2768","9983","gbm_id2",18,1
"2769","9983","gbm_id2",19,0
"2770","9983","gbm_id2",20,0
"2771","9983","gbm_id2",21,0
"2772","9983","gbm_id2",22,1
"2773","9983","gbm_id2",23,0
"2774","9983","gbm_id2",24,1
"2775","9983","gbm_id2",25,0
"2776","9983","gbm_id2",26,1
"2777","9983","gbm_id2",27,0
"2778","9983","gbm_id2",28,0
"2779","9983","gbm_id2",29,0
"2780","9983","gbm_id2",30,0
"2781","9983","gbm_id2",31,0
"2782","9983","gbm_id2",32,2
"2783","9983","gbm_id2",33,0
"2784","9983","gbm_id2",34,0
"2785","9983","gbm_id2",35,0
"2786","9983","gbm_id2",36,0
"2787","9983","gbm_id2",37,0
"2788","9983","gbm_id2",38,0
"2789","9983","gbm_id2",39,0
"2790","9983","gbm_id2",40,0
"2791","9983","gbm_id2",41,0
"2792","9983","gbm_id2",42,0
"2793","9983","gbm_id2",43,0
"2794","9983","gbm_id2",44,0
"2795","9983","gbm_id2",45,0
"2796","9983","gbm_id2",46,0
"2797","9983","gbm_id2",47,0
"2798","9983","gbm_id2",48,0
"2799","9983","gbm_id2",49,0
"2800","9983","gbm_id2",50,0
